# 76,78,80,83,89,92,94,100,105,106,110
0.000000000000000000e+00,0.000000000000000000e+00,0.000000000000000000e+00,9.700000000000006395e-01,0.000000000000000000e+00,0.000000000000000000e+00,0.000000000000000000e+00,0.000000000000000000e+00,0.000000000000000000e+00,2.999999999999999889e-02,0.000000000000000000e+00
0.000000000000000000e+00,9.999999999999999167e-02,9.999999999999999167e-02,2.999999999999999889e-02,1.700000000000000122e-01,0.000000000000000000e+00,5.000000000000000278e-02,2.000000000000000389e-01,4.000000000000000083e-02,7.000000000000000666e-02,2.400000000000000744e-01
0.000000000000000000e+00,5.000000000000000278e-02,2.000000000000000389e-01,0.000000000000000000e+00,1.600000000000000033e-01,0.000000000000000000e+00,9.999999999999999167e-02,1.700000000000000122e-01,1.600000000000000033e-01,0.000000000000000000e+00,1.600000000000000033e-01
5.000000000000000278e-02,6.000000000000000472e-02,0.000000000000000000e+00,0.000000000000000000e+00,2.400000000000000744e-01,8.999999999999999667e-02,1.700000000000000122e-01,1.299999999999999767e-01,8.999999999999999667e-02,1.700000000000000122e-01,0.000000000000000000e+00
6.000000000000000472e-02,5.000000000000000278e-02,9.999999999999999167e-02,0.000000000000000000e+00,2.000000000000000042e-02,2.200000000000000566e-01,2.300000000000000655e-01,5.000000000000000278e-02,8.999999999999999667e-02,6.000000000000000472e-02,1.199999999999999817e-01
1.499999999999999944e-01,4.000000000000000083e-02,1.399999999999999856e-01,0.000000000000000000e+00,7.000000000000000666e-02,1.499999999999999944e-01,0.000000000000000000e+00,5.000000000000000278e-02,1.000000000000000021e-02,2.400000000000000744e-01,1.499999999999999944e-01
1.600000000000000033e-01,2.000000000000000389e-01,1.299999999999999767e-01,0.000000000000000000e+00,5.000000000000000278e-02,3.400000000000001354e-01,0.000000000000000000e+00,2.000000000000000042e-02,1.000000000000000021e-02,6.000000000000000472e-02,2.999999999999999889e-02
1.900000000000000300e-01,4.000000000000000083e-02,8.999999999999999667e-02,0.000000000000000000e+00,9.999999999999999167e-02,8.999999999999999667e-02,2.999999999999999889e-02,6.000000000000000472e-02,1.399999999999999856e-01,6.000000000000000472e-02,2.000000000000000389e-01
1.700000000000000122e-01,3.200000000000001177e-01,0.000000000000000000e+00,0.000000000000000000e+00,1.700000000000000122e-01,2.999999999999999889e-02,1.199999999999999817e-01,2.000000000000000042e-02,6.000000000000000472e-02,8.999999999999999667e-02,2.000000000000000042e-02
2.000000000000000042e-02,1.399999999999999856e-01,1.499999999999999944e-01,0.000000000000000000e+00,2.000000000000000042e-02,8.000000000000000167e-02,1.900000000000000300e-01,9.999999999999999167e-02,1.000000000000000021e-02,2.100000000000000477e-01,8.000000000000000167e-02
