scenario,margin,window,method,order,paper_order
0,+0.10,0,solution1,4,1 4 6 13
0,+0.10,12,solution1,4,1 4 6 13
0,+0.10,24,solution1,4,1 4 6 13
0,+0.10,36,solution1,4,1 4 6 13
0,+0.10,48,solution1,4,1 4 6 13
0,+0.10,60,solution1,4,1 4 6 13
0,+0.10,72,solution1,4,1 4 6 13
0,+0.10,84,solution1,4,1 4 6 13
0,+0.10,96,solution1,4,1 4 6 13
0,+0.10,108,solution1,4,1 4 6 13
0,+0.10,120,solution1,4,1 4 6 13
0,+0.10,132,solution1,4,1 4 6 13
0,+0.10,144,solution1,4,1 4 6 13
0,+0.10,156,solution1,4,1 4 6 13
0,+0.10,168,solution1,4,1 4 6 13
0,+0.10,180,solution1,4,1 4 6 13
0,+0.10,192,solution1,4,1 4 6 13
0,+0.10,204,solution1,4,1 4 6 13
0,+0.10,216,solution1,4,1 4 6 13
0,+0.10,228,solution1,4,1 4 6 13
1,+0.10,0,solution1,4 1 6 13,4 6 1 13
1,+0.10,12,solution1,4 1 6 13,4 6 1 13
1,+0.10,24,solution1,4,4 6 1 13
1,+0.10,36,solution1,4,4 6 1 13
1,+0.10,48,solution1,4 1 6 13,4 6 1 13
1,+0.10,60,solution1,4 1 6 13,4 6 1 13
1,+0.10,72,solution1,4 1 6 13,4 6 1 13
1,+0.10,84,solution1,4,4 6 1 13
1,+0.10,96,solution1,4,4 6 1 13
1,+0.10,108,solution1,4 1 6 13,4 6 1 13
1,+0.10,120,solution1,4 1 6 13,4 6 1 13
1,+0.10,132,solution1,4 1 6 13,4 6 1 13
1,+0.10,144,solution1,4 1 6 13,4 6 1 13
1,+0.10,156,solution1,4 1 6 13,4 6 1 13
1,+0.10,168,solution1,4 1 6 13,4 6 1 13
1,+0.10,180,solution1,4 1 6 13,4 6 1 13
1,+0.10,192,solution1,4 1 6 13,4 6 1 13
1,+0.10,204,solution1,4 1 6 13,4 6 1 13
1,+0.10,216,solution1,4 1 6 13,4 6 1 13
1,+0.10,228,solution1,4 1 6 13,4 6 1 13
0,+0.10,0,dqn,1,1 4 6 13
0,+0.10,12,dqn,1 6,1 4 6 13
0,+0.10,24,dqn,1,1 4 6 13
0,+0.10,36,dqn,1 13,1 4 6 13
0,+0.10,48,dqn,1,1 4 6 13
0,+0.10,60,dqn,1,1 4 6 13
0,+0.10,72,dqn,1,1 4 6 13
0,+0.10,84,dqn,6,1 4 6 13
0,+0.10,96,dqn,1 6,1 4 6 13
0,+0.10,108,dqn,1,1 4 6 13
0,+0.10,120,dqn,13,1 4 6 13
0,+0.10,132,dqn,13,1 4 6 13
0,+0.10,144,dqn,13,1 4 6 13
0,+0.10,156,dqn,6,1 4 6 13
0,+0.10,168,dqn,13,1 4 6 13
0,+0.10,180,dqn,1,1 4 6 13
0,+0.10,192,dqn,6,1 4 6 13
0,+0.10,204,dqn,6,1 4 6 13
0,+0.10,216,dqn,6,1 4 6 13
0,+0.10,228,dqn,6,1 4 6 13
1,+0.10,0,dqn,13 1 4 6,4 6 1 13
1,+0.10,12,dqn,13 1 4 6,4 6 1 13
1,+0.10,24,dqn,13 1 4,4 6 1 13
1,+0.10,36,dqn,13 1 4,4 6 1 13
1,+0.10,48,dqn,13 1 4 6,4 6 1 13
1,+0.10,60,dqn,13 1 4 6,4 6 1 13
1,+0.10,72,dqn,13 1 4 6,4 6 1 13
1,+0.10,84,dqn,13 4,4 6 1 13
1,+0.10,96,dqn,13 1 4,4 6 1 13
1,+0.10,108,dqn,13 1 4 6,4 6 1 13
1,+0.10,120,dqn,6 1 13 4,4 6 1 13
1,+0.10,132,dqn,6 1 13 4,4 6 1 13
1,+0.10,144,dqn,6 1 4 13,4 6 1 13
1,+0.10,156,dqn,6 1 4 13,4 6 1 13
1,+0.10,168,dqn,6 1 4 13,4 6 1 13
1,+0.10,180,dqn,6 1 4 13,4 6 1 13
1,+0.10,192,dqn,6 1 13 4,4 6 1 13
1,+0.10,204,dqn,1 6 13 4,4 6 1 13
1,+0.10,216,dqn,1 6 13 4,4 6 1 13
1,+0.10,228,dqn,1 6 13 4,4 6 1 13
