system,scenario,margin,window,method,order,paper_order,devices_before,channels_before,devices_after,channels_after,extra,seconds
118,0,+0.10,0,solution1,83 80 100 89 110 106 105 78 94 92,,10,25,13,29,PMU 89 SCADA 86 SCADA 88 SCADA 89,9.7841
118,0,+0.10,12,solution1,83 80 100 89 110 106 105 78 94 92,,10,25,13,29,PMU 89 SCADA 86 SCADA 88 SCADA 89,9.763
118,0,+0.10,24,solution1,83 80 100 89 110 106 105 78 94 92,,10,27,13,29,PMU 89 SCADA 86 SCADA 88 SCADA 89,9.664
118,0,+0.10,36,solution1,83 80 100 89 110 106 105 78 94 92,,10,27,13,29,PMU 89 SCADA 86 SCADA 88 SCADA 89,9.4232
118,0,+0.10,48,solution1,83 80 100 89 110 106 105 78 94 92,,10,28,13,30,PMU 89 SCADA 86 SCADA 88 SCADA 89,9.4548
118,0,+0.10,60,solution1,83 80 100 89 110 106 105 78 94 92,,10,28,13,30,PMU 89 SCADA 86 SCADA 88 SCADA 89,9.5643
118,0,+0.10,72,solution1,83 80 100 89 110 106 105 78 94 92,,10,28,13,30,PMU 89 SCADA 86 SCADA 88 SCADA 89,8.6511
118,0,+0.10,84,solution1,83 80 100 89 110 106 105 78 94 92,,10,28,13,30,PMU 89 SCADA 86 SCADA 88 SCADA 89,8.7755
118,0,+0.10,96,solution1,83 80 100 89 110 106 105 78 94 92,,10,28,13,30,PMU 89 SCADA 86 SCADA 88 SCADA 89,9.2598
118,0,+0.10,108,solution1,83 80 100 89 110 106 105 78 94 92,,10,28,13,30,PMU 89 SCADA 86 SCADA 88 SCADA 89,9.7159
118,0,+0.10,120,solution1,83 80 100 89 110 106 105 78 94 92,,10,28,13,30,PMU 89 SCADA 86 SCADA 88 SCADA 89,9.6991
118,0,+0.10,132,solution1,83 80 100 89 110 106 105 78 94 92,,10,29,13,30,PMU 89 SCADA 86 SCADA 88 SCADA 89,9.3102
118,0,+0.10,144,solution1,83 80 100 89 110 106 105 78 94 92,,10,29,13,30,PMU 89 SCADA 86 SCADA 88 SCADA 89,9.7372
118,0,+0.10,156,solution1,83 80 100 89 110 106 105 78 94 92,,10,29,13,30,PMU 89 SCADA 86 SCADA 88 SCADA 89,9.778
118,0,+0.10,168,solution1,83 80 100 89 110 106 105 78 94 92,,10,28,13,30,PMU 89 SCADA 86 SCADA 88 SCADA 89,9.705
118,0,+0.10,180,solution1,83 80 100 89 110 106 105 78 94 92,,10,28,13,30,PMU 89 SCADA 86 SCADA 88 SCADA 89,9.6789
118,0,+0.10,192,solution1,83 80 100 89 110 106 105 78 94 92,,10,29,13,30,PMU 89 SCADA 86 SCADA 88 SCADA 89,9.6473
118,0,+0.10,204,solution1,83 80 100 89 110 106 105 78 94 92,,10,29,13,30,PMU 89 SCADA 86 SCADA 88 SCADA 89,9.7251
118,0,+0.10,216,solution1,83 80 100 89 110 106 105 78 94 92,,10,29,13,30,PMU 89 SCADA 86 SCADA 88 SCADA 89,9.7941
118,0,+0.10,228,solution1,83 80 100 89 110 106 105 78 94 92,,10,29,13,30,PMU 89 SCADA 86 SCADA 88 SCADA 89,9.7012
118,0,+0.10,240,solution1,83 80 100 89 110 106 105 78 94 92,,10,29,13,30,PMU 89 SCADA 86 SCADA 88 SCADA 89,9.5955
118,0,+0.10,252,solution1,83 80 100 89 110 106 105 78 94 92,,10,29,13,30,PMU 89 SCADA 86 SCADA 88 SCADA 89,9.6825
118,0,+0.10,264,solution1,83 80 100 89 110 106 105 78 94 92,,10,29,13,30,PMU 89 SCADA 86 SCADA 88 SCADA 89,9.6368
118,0,+0.10,276,solution1,83 80 100 89 110 106 105 78 94 92,,10,29,13,30,PMU 89 SCADA 86 SCADA 88 SCADA 89,9.7909
118,0,+0.10,288,solution1,83 80 100 89 110 106 105 78 94 92,,10,29,13,30,PMU 89 SCADA 86 SCADA 88 SCADA 89,7.9306
118,0,+0.10,300,solution1,83 80 100 89 110 106 105 78 94 92,,10,29,13,30,PMU 89 SCADA 86 SCADA 88 SCADA 89,8.069
118,0,+0.10,312,solution1,83 80 100 89 110 106 105 78 94 92,,10,29,13,30,PMU 89 SCADA 86 SCADA 88 SCADA 89,8.2694
118,0,+0.10,324,solution1,83 80 100 89 110 106 105 78 94 92,,10,29,13,30,PMU 89 SCADA 86 SCADA 88 SCADA 89,8.0159
118,0,+0.10,336,solution1,83 80 100 89 110 106 105 78 94 92,,10,29,13,30,PMU 89 SCADA 86 SCADA 88 SCADA 89,8.2346
118,0,+0.10,348,solution1,83 80 100 89 110 106 105 78 94 92,,10,29,13,30,PMU 89 SCADA 86 SCADA 88 SCADA 89,8.181
118,0,+0.10,360,solution1,83 80 100 89 110 106 105 78 94 92,,10,28,13,30,PMU 89 SCADA 86 SCADA 88 SCADA 89,8.1779
118,0,+0.10,372,solution1,83 80 100 89 110 106 105 78 94 92,,10,28,13,30,PMU 89 SCADA 86 SCADA 88 SCADA 89,8.2773
118,0,+0.10,384,solution1,83 80 100 89 110 106 105 78 94 92,,10,29,13,30,PMU 89 SCADA 86 SCADA 88 SCADA 89,8.1126
118,0,+0.10,396,solution1,83 80 100 89 110 106 105 78 94 92,,10,29,13,30,PMU 89 SCADA 86 SCADA 88 SCADA 89,8.1174
118,0,+0.10,408,solution1,83 80 100 89 110 106 105 78 94 92,,10,28,13,30,PMU 89 SCADA 86 SCADA 88 SCADA 89,8.1047
118,0,+0.10,420,solution1,83 80 100 89 110 106 105 78 94 92,,10,28,13,30,PMU 89 SCADA 86 SCADA 88 SCADA 89,8.1263
118,0,+0.10,432,solution1,83 80 100 89 110 106 105 78 94 92,,10,28,13,30,PMU 89 SCADA 86 SCADA 88 SCADA 89,8.0912
118,0,+0.10,444,solution1,83 80 100 89 110 106 105 78 94 92,,10,28,13,30,PMU 89 SCADA 86 SCADA 88 SCADA 89,8.101
118,0,+0.10,456,solution1,83 80 100 89 110 106 105 78 94 92,,10,28,13,30,PMU 89 SCADA 86 SCADA 88 SCADA 89,8.1574
118,0,+0.10,468,solution1,83 80 100 89 110 106 105 78 94 92,,10,28,13,30,PMU 89 SCADA 86 SCADA 88 SCADA 89,7.9616
118,0,+0.10,480,solution1,83 80 100 89 110 106 105 78 94 92,,10,28,13,30,PMU 89 SCADA 86 SCADA 88 SCADA 89,8.1413
118,0,+0.10,492,solution1,83 80 100 89 110 106 105 78 94 92,,10,28,13,29,PMU 89 SCADA 86 SCADA 88 SCADA 89,8.1025
118,0,+0.10,504,solution1,83 80 100 89 110 106 105 78 94 92,,10,27,13,30,PMU 89 SCADA 86 SCADA 88 SCADA 89,8.2224
118,0,+0.10,516,solution1,83 80 100 89 110 106 105 78 94 92,,10,27,13,29,PMU 89 SCADA 86 SCADA 88 SCADA 89,8.2033
118,0,+0.10,528,solution1,83 80 100 89 110 106 105 78 94 92,,10,27,13,29,PMU 89 SCADA 86 SCADA 88 SCADA 89,8.2206
118,0,+0.10,540,solution1,83 80 100 89 110 106 105 78 94 92,,10,27,13,29,PMU 89 SCADA 86 SCADA 88 SCADA 89,8.1791
118,0,+0.10,552,solution1,83 80 100 89 110 106 105 78 94 92,,10,27,13,29,PMU 89 SCADA 86 SCADA 88 SCADA 89,8.1593
118,0,+0.10,564,solution1,83 80 100 89 110 106 105 78 94 92,,10,27,13,29,PMU 89 SCADA 86 SCADA 88 SCADA 89,8.0772
118,0,+0.10,576,solution1,83 80 100 89 110 106 105 78 94 92,,10,25,13,29,PMU 89 SCADA 86 SCADA 88 SCADA 89,8.0595
118,0,+0.10,588,solution1,83 80 100 89 110 106 105 78 94 92,,10,27,13,29,PMU 89 SCADA 86 SCADA 88 SCADA 89,8.1272
118,0,+0.10,600,solution1,83 80 100 89 110 106 105 78 94 92,,10,27,13,29,PMU 89 SCADA 86 SCADA 88 SCADA 89,8.2514
118,0,+0.10,612,solution1,83 80 100 89 110 106 105 78 94 92,,10,28,13,30,PMU 89 SCADA 86 SCADA 88 SCADA 89,8.2522
118,0,+0.10,624,solution1,83 80 100 89 110 106 105 78 94 92,,10,27,13,29,PMU 89 SCADA 86 SCADA 88 SCADA 89,8.2248
118,0,+0.10,636,solution1,83 80 100 89 110 106 105 78 94 92,,10,27,13,29,PMU 89 SCADA 86 SCADA 88 SCADA 89,8.3892
118,0,+0.10,648,solution1,83 80 100 89 110 106 105 78 94 92,,10,27,13,29,PMU 89 SCADA 86 SCADA 88 SCADA 89,8.1419
118,0,+0.10,660,solution1,83 80 100 89 110 106 105 78 94 92,,10,27,13,29,PMU 89 SCADA 86 SCADA 88 SCADA 89,8.2408
118,0,+0.10,672,solution1,83 80 100 89 110 106 105 78 94 92,,10,27,13,29,PMU 89 SCADA 86 SCADA 88 SCADA 89,8.0522
118,0,+0.10,684,solution1,83 80 100 89 110 106 105 78 94 92,,10,25,13,29,PMU 89 SCADA 86 SCADA 88 SCADA 89,8.1656
118,0,+0.10,696,solution1,83 80 100 89 110 106 105 78 94 92,,10,25,13,29,PMU 89 SCADA 86 SCADA 88 SCADA 89,8.1154
118,0,+0.10,708,solution1,83 80 100 89 110 106 105 78 94 92,,10,25,13,29,PMU 89 SCADA 86 SCADA 88 SCADA 89,8.0881
118,0,+0.10,720,solution1,83 80 100 89 110 106 105 78 94 92,,10,27,13,29,PMU 89 SCADA 86 SCADA 88 SCADA 89,8.0861
118,0,+0.10,732,solution1,83 80 100 89 110 106 105 78 94 92,,10,28,13,30,PMU 89 SCADA 86 SCADA 88 SCADA 89,8.0548
118,0,+0.10,744,solution1,83 80 100 89 110 106 105 78 94 92,,10,27,13,29,PMU 89 SCADA 86 SCADA 88 SCADA 89,8.0978
118,0,+0.10,756,solution1,83 80 100 89 110 106 105 78 94 92,,10,27,13,29,PMU 89 SCADA 86 SCADA 88 SCADA 89,8.0427
118,0,+0.10,768,solution1,83 80 100 89 110 106 105 78 94 92,,10,25,13,29,PMU 89 SCADA 86 SCADA 88 SCADA 89,8.3578
118,0,+0.10,780,solution1,83 80 100 89 110 106 105 78 94 92,,10,27,13,29,PMU 89 SCADA 86 SCADA 88 SCADA 89,8.5509
118,0,+0.10,792,solution1,83 80 100 89 110 106 105 78 94 92,,10,25,13,29,PMU 89 SCADA 86 SCADA 88 SCADA 89,8.4965
118,0,+0.10,804,solution1,83 80 100 89 110 106 105 78 94 92,,10,25,13,29,PMU 89 SCADA 86 SCADA 88 SCADA 89,8.469
118,0,+0.10,816,solution1,83 80 100 89 110 106 105 78 94 92,,10,25,13,29,PMU 89 SCADA 86 SCADA 88 SCADA 89,8.3305
118,0,+0.10,828,solution1,83 80 100 89 110 106 105 78 94 92,,10,25,13,29,PMU 89 SCADA 86 SCADA 88 SCADA 89,8.3224
118,0,+0.10,840,solution1,83 80 100 89 110 106 105 78 94 92,,10,25,13,29,PMU 89 SCADA 86 SCADA 88 SCADA 89,8.1575
118,0,+0.10,852,solution1,83 80 100 89 110 106 105 78 94 92,,9,19,9,19,,8.2663
118,0,+0.10,864,solution1,83 80 100 89 110 106 105 78 94 92,,9,19,9,19,,8.0174
118,0,+0.10,876,solution1,83 80 100 89 110 106 105 78 94 92,,9,19,9,19,,8.104
118,0,+0.10,888,solution1,83 80 100 89 110 106 105 78 94 92,,9,19,9,19,,8.3641
118,0,+0.10,900,solution1,83 80 100 89 110 106 105 78 94 92,,9,19,9,19,,8.3326
118,0,+0.10,912,solution1,83 80 100 89 110 106 105 78 94 92,,9,19,9,19,,8.171
118,0,+0.10,924,solution1,83 80 100 89 110 106 105 78 94 92,,9,19,9,19,,8.1604
118,0,+0.10,936,solution1,83 80 100 89 110 106 105 78 94 92,,9,19,9,19,,8.2316
118,0,+0.10,948,solution1,83 80 100 89 110 106 105 78 94 92,,9,19,9,19,,7.9782
118,0,+0.10,960,solution1,83 80 100 89 110 106 105 78 94 92,,9,19,9,19,,8.1714
118,0,+0.10,972,solution1,83 80 100 89 110 106 105 78 94 92,,9,19,9,19,,8.2051
118,0,+0.10,984,solution1,83 80 100 89 110 106 105 78 94 92,,9,19,9,19,,8.1723
118,0,+0.10,996,solution1,83 80 100 89 110 106 105 78 94 92,,9,19,9,19,,8.5421
118,0,+0.10,1008,solution1,83 80 100 89 110 106 105 78 94 92,,9,19,9,19,,8.4899
118,0,+0.10,1020,solution1,83 80 100 89 110 106 105 78 94 92,,9,19,9,19,,8.4709
118,0,+0.10,1032,solution1,83 80 100 89 110 106 105 78 94 92,,9,19,9,19,,8.4179
118,0,+0.10,1044,solution1,83 80 100 89 110 106 105 78 94 92,,9,19,9,19,,8.3964
118,0,+0.10,1056,solution1,83 80 100 89 110 106 105 78 94 92,,9,19,9,19,,8.3376
118,0,+0.10,1068,solution1,83 80 100 89 110 106 105 78 94 92,,9,19,9,19,,8.3226
118,0,+0.10,1080,solution1,83 80 100 89 110 106 105 78 94 92,,9,19,9,19,,8.1778
118,0,+0.10,1092,solution1,83 80 100 89 110 106 105 78 94 92,,9,19,9,19,,8.0494
118,0,+0.10,1104,solution1,83 80 100 89 110 106 105 78 94 92,,9,19,9,19,,8.035
118,0,+0.10,1116,solution1,83 80 100 89 110 106 105 78 94 92,,9,19,9,19,,8.0347
118,0,+0.10,1128,solution1,83 80 100 89 110 106 105 78 94 92,,9,19,9,19,,8.1421
118,0,+0.10,1140,solution1,83 80 100 89 110 106 105 78 94 92,,9,19,9,19,,8.0875
118,0,+0.10,1152,solution1,83 80 100 89 110 106 105 78 94 92,,9,19,9,19,,5.4755
118,0,+0.10,1164,solution1,83 80 100 89 110 106 105 78 94 92,,9,19,9,19,,5.3324
118,0,+0.10,1176,solution1,83 80 100 89 110 106 105 78 94 92,,9,19,9,19,,5.629
118,0,+0.10,1188,solution1,83 80 100 89 110 106 105 78 94 92,,9,19,9,19,,5.5472
118,0,+0.10,0,dqn,83 89 94 100 80 92 78 110 76 106,,10,25,13,29,PMU 89 SCADA 86 SCADA 88 SCADA 89,21.5912
118,0,+0.10,12,dqn,83 89 94 100 80 92 78 110 76 106,,10,25,13,29,PMU 89 SCADA 86 SCADA 88 SCADA 89,22.4731
118,0,+0.10,24,dqn,83 89 94 100 80 92 78 110 76 106,,10,27,13,29,PMU 89 SCADA 86 SCADA 88 SCADA 89,22.3838
118,0,+0.10,36,dqn,83 89 94 100 80 92 78 110 76 106,,10,27,13,29,PMU 89 SCADA 86 SCADA 88 SCADA 89,21.8515
118,0,+0.10,48,dqn,83 89 94 100 80 92 78 110 76 106,,10,28,13,30,PMU 89 SCADA 86 SCADA 88 SCADA 89,22.84
118,0,+0.10,60,dqn,83 89 94 100 80 92 78 110 76 106,,10,28,13,30,PMU 89 SCADA 86 SCADA 88 SCADA 89,22.9993
118,0,+0.10,72,dqn,83 94 89 100 92 80 78 110 76 106,,10,28,13,30,PMU 89 SCADA 86 SCADA 88 SCADA 89,21.7817
118,0,+0.10,84,dqn,83 94 89 100 92 80 78 110 106 76,,10,28,13,30,PMU 89 SCADA 86 SCADA 88 SCADA 89,21.6297
118,0,+0.10,96,dqn,83 94 89 100 92 80 78 110 106 76,,10,28,13,30,PMU 89 SCADA 86 SCADA 88 SCADA 89,20.1738
118,0,+0.10,108,dqn,83 94 89 100 92 80 78 110 76 106,,10,28,13,30,PMU 89 SCADA 86 SCADA 88 SCADA 89,20.2934
118,0,+0.10,120,dqn,83 110 89 94 92 80 76 105 78 106,,10,28,13,30,PMU 89 SCADA 86 SCADA 88 SCADA 89,19.5625
118,0,+0.10,132,dqn,83 110 89 94 92 80 76 105 78 106,,10,29,13,30,PMU 89 SCADA 86 SCADA 88 SCADA 89,20.2569
118,0,+0.10,144,dqn,83 110 89 94 92 80 106 76 105 78,,10,29,13,30,PMU 89 SCADA 86 SCADA 88 SCADA 89,20.3797
118,0,+0.10,156,dqn,83 110 89 94 92 80 106 76 105 78,,10,29,13,30,PMU 89 SCADA 86 SCADA 88 SCADA 89,19.6329
118,0,+0.10,168,dqn,83 110 89 94 92 80 106 76 105 78,,10,28,13,30,PMU 89 SCADA 86 SCADA 88 SCADA 89,21.2678
118,0,+0.10,180,dqn,83 89 110 94 106 92 80 76 105 78,,10,28,13,30,PMU 89 SCADA 86 SCADA 88 SCADA 89,19.983
118,0,+0.10,192,dqn,83 110 89 94 106 92 80 76 105 78,,10,29,13,30,PMU 89 SCADA 86 SCADA 88 SCADA 89,20.0177
118,0,+0.10,204,dqn,83 110 89 94 92 80 106 76 105 78,,10,29,13,30,PMU 89 SCADA 86 SCADA 88 SCADA 89,21.0943
118,0,+0.10,216,dqn,83 110 89 94 92 80 76 105 78 100,,10,29,13,30,PMU 89 SCADA 86 SCADA 88 SCADA 89,21.2464
118,0,+0.10,228,dqn,83 110 89 94 92 80 76 105 78 106,,10,29,13,30,PMU 89 SCADA 86 SCADA 88 SCADA 89,21.2268
118,0,+0.10,240,dqn,83 89 100 105 110 106 92 78 94 80,,10,29,13,30,PMU 89 SCADA 86 SCADA 88 SCADA 89,20.7508
118,0,+0.10,252,dqn,83 89 100 105 110 106 92 94 78 80,,10,29,13,30,PMU 89 SCADA 86 SCADA 88 SCADA 89,21.2431
118,0,+0.10,264,dqn,83 89 100 105 110 106 92 94 78 80,,10,29,13,30,PMU 89 SCADA 86 SCADA 88 SCADA 89,20.0067
118,0,+0.10,276,dqn,83 89 100 105 110 106 92 94 78 80,,10,29,13,30,PMU 89 SCADA 86 SCADA 88 SCADA 89,20.4207
118,0,+0.10,288,dqn,83 89 100 105 80 110 92 106 94 78,,10,29,13,30,PMU 89 SCADA 86 SCADA 88 SCADA 89,20.3619
118,0,+0.10,300,dqn,83 89 100 105 80 110 106 92 94 78,,10,29,13,30,PMU 89 SCADA 86 SCADA 88 SCADA 89,21.1164
118,0,+0.10,312,dqn,83 89 100 106 105 110 92 78 94 80,,10,29,13,30,PMU 89 SCADA 86 SCADA 88 SCADA 89,20.5482
118,0,+0.10,324,dqn,83 89 100 105 80 110 106 92 94 78,,10,29,13,30,PMU 89 SCADA 86 SCADA 88 SCADA 89,20.8227
118,0,+0.10,336,dqn,83 89 100 106 105 80 110 92 94 78,,10,29,13,30,PMU 89 SCADA 86 SCADA 88 SCADA 89,20.2254
118,0,+0.10,348,dqn,83 89 100 106 105 110 80 92 94 78,,10,29,13,30,PMU 89 SCADA 86 SCADA 88 SCADA 89,20.4605
118,0,+0.10,360,dqn,83 80 110 89 94 106 76 100 78 92,,10,28,13,30,PMU 89 SCADA 86 SCADA 88 SCADA 89,21.2357
118,0,+0.10,372,dqn,83 80 110 89 94 106 76 100 78 92,,10,28,13,30,PMU 89 SCADA 86 SCADA 88 SCADA 89,21.5272
118,0,+0.10,384,dqn,83 80 110 89 94 106 76 100 78 92,,10,29,13,30,PMU 89 SCADA 86 SCADA 88 SCADA 89,21.3966
118,0,+0.10,396,dqn,83 80 110 89 94 106 76 78 100 92,,10,29,13,30,PMU 89 SCADA 86 SCADA 88 SCADA 89,21.5141
118,0,+0.10,408,dqn,83 80 110 94 89 106 76 100 78 92,,10,28,13,30,PMU 89 SCADA 86 SCADA 88 SCADA 89,22.2428
118,0,+0.10,420,dqn,83 80 110 89 94 106 76 78 100 92,,10,28,13,30,PMU 89 SCADA 86 SCADA 88 SCADA 89,21.6433
118,0,+0.10,432,dqn,83 80 110 89 94 106 76 100 78 92,,10,28,13,30,PMU 89 SCADA 86 SCADA 88 SCADA 89,21.4253
118,0,+0.10,444,dqn,83 80 110 89 94 106 76 100 78 92,,10,28,13,30,PMU 89 SCADA 86 SCADA 88 SCADA 89,21.5692
118,0,+0.10,456,dqn,83 80 110 89 94 106 100 76 92 78,,10,28,13,30,PMU 89 SCADA 86 SCADA 88 SCADA 89,22.1885
118,0,+0.10,468,dqn,83 80 110 89 94 106 100 76 92 78,,10,28,13,30,PMU 89 SCADA 86 SCADA 88 SCADA 89,21.7874
118,0,+0.10,480,dqn,83 110 94 78 76 100 92 80 89 106,,10,28,13,30,PMU 89 SCADA 86 SCADA 88 SCADA 89,21.4379
118,0,+0.10,492,dqn,83 110 78 76 100 92 80 89 94 106,,10,28,13,29,PMU 89 SCADA 86 SCADA 88 SCADA 89,22.3062
118,0,+0.10,504,dqn,83 110 78 76 100 92 80 89 94 106,,10,27,13,30,PMU 89 SCADA 86 SCADA 88 SCADA 89,22.666
118,0,+0.10,516,dqn,83 110 78 76 100 92 80 89 94 106,,10,27,13,29,PMU 89 SCADA 86 SCADA 88 SCADA 89,21.5009
118,0,+0.10,528,dqn,83 110 78 76 100 92 80 89 94 106,,10,27,13,29,PMU 89 SCADA 86 SCADA 88 SCADA 89,21.873
118,0,+0.10,540,dqn,83 110 78 76 100 92 80 89 94 106,,10,27,13,29,PMU 89 SCADA 86 SCADA 88 SCADA 89,22.9531
118,0,+0.10,552,dqn,83 110 94 78 76 100 92 80 89 106,,10,27,13,29,PMU 89 SCADA 86 SCADA 88 SCADA 89,22.4111
118,0,+0.10,564,dqn,83 110 94 78 76 100 92 80 89 106,,10,27,13,29,PMU 89 SCADA 86 SCADA 88 SCADA 89,20.9471
118,0,+0.10,576,dqn,83 110 94 78 76 100 92 80 89 106,,10,25,13,29,PMU 89 SCADA 86 SCADA 88 SCADA 89,20.8106
118,0,+0.10,588,dqn,83 94 110 78 76 100 92 80 89 106,,10,27,13,29,PMU 89 SCADA 86 SCADA 88 SCADA 89,21.0896
118,0,+0.10,600,dqn,83 100 105 89 94 106 92 110 78 80,,10,27,13,29,PMU 89 SCADA 86 SCADA 88 SCADA 89,23.0966
118,0,+0.10,612,dqn,83 100 105 89 94 106 92 110 78 80,,10,28,13,30,PMU 89 SCADA 86 SCADA 88 SCADA 89,21.1016
118,0,+0.10,624,dqn,83 100 105 89 94 106 92 110 78 80,,10,27,13,29,PMU 89 SCADA 86 SCADA 88 SCADA 89,21.4798
118,0,+0.10,636,dqn,83 100 105 89 94 106 92 110 78 80,,10,27,13,29,PMU 89 SCADA 86 SCADA 88 SCADA 89,22.1208
118,0,+0.10,648,dqn,83 100 105 89 94 106 92 110 78 80,,10,27,13,29,PMU 89 SCADA 86 SCADA 88 SCADA 89,23.8491
118,0,+0.10,660,dqn,83 100 105 89 94 106 92 110 78 80,,10,27,13,29,PMU 89 SCADA 86 SCADA 88 SCADA 89,22.7633
118,0,+0.10,672,dqn,83 100 105 89 94 106 92 110 78 80,,10,27,13,29,PMU 89 SCADA 86 SCADA 88 SCADA 89,23.8156
118,0,+0.10,684,dqn,83 100 105 89 94 106 92 110 78 80,,10,25,13,29,PMU 89 SCADA 86 SCADA 88 SCADA 89,23.0331
118,0,+0.10,696,dqn,83 100 105 89 94 106 92 110 78 80,,10,25,13,29,PMU 89 SCADA 86 SCADA 88 SCADA 89,24.1656
118,0,+0.10,708,dqn,83 100 105 89 94 106 92 110 78 80,,10,25,13,29,PMU 89 SCADA 86 SCADA 88 SCADA 89,22.7607
118,0,+0.10,720,dqn,83 78 80 106 94 110 89 92 76 100,,10,27,13,29,PMU 89 SCADA 86 SCADA 88 SCADA 89,22.3008
118,0,+0.10,732,dqn,83 78 80 106 94 89 110 92 76 100,,10,28,13,30,PMU 89 SCADA 86 SCADA 88 SCADA 89,22.3165
118,0,+0.10,744,dqn,83 78 80 106 94 110 89 92 76 105,,10,27,13,29,PMU 89 SCADA 86 SCADA 88 SCADA 89,21.5238
118,0,+0.10,756,dqn,83 78 80 106 94 89 110 92 76 100,,10,27,13,29,PMU 89 SCADA 86 SCADA 88 SCADA 89,21.2688
118,0,+0.10,768,dqn,83 78 80 94 110 89 92 106 76 100,,10,25,13,29,PMU 89 SCADA 86 SCADA 88 SCADA 89,22.1013
118,0,+0.10,780,dqn,83 78 80 94 110 89 92 106 76 100,,10,27,13,29,PMU 89 SCADA 86 SCADA 88 SCADA 89,22.8788
118,0,+0.10,792,dqn,83 78 80 94 110 89 92 106 76 100,,10,25,13,29,PMU 89 SCADA 86 SCADA 88 SCADA 89,21.3936
118,0,+0.10,804,dqn,83 78 80 94 89 110 92 76 106 100,,10,25,13,29,PMU 89 SCADA 86 SCADA 88 SCADA 89,21.3598
118,0,+0.10,816,dqn,83 78 80 94 110 89 92 76 106 100,,10,25,13,29,PMU 89 SCADA 86 SCADA 88 SCADA 89,21.2307
118,0,+0.10,828,dqn,83 78 80 94 110 89 92 106 76 100,,10,25,13,29,PMU 89 SCADA 86 SCADA 88 SCADA 89,21.2073
118,0,+0.10,840,dqn,83 110 105 92 106 78 76 80 89 94,,10,25,13,29,PMU 89 SCADA 86 SCADA 88 SCADA 89,22.2323
118,0,+0.10,852,dqn,83 110 105 92 106 78 76 80 89 94,,9,19,9,19,,18.2337
118,0,+0.10,864,dqn,83 105 110 92 106 78 76 80 89 94,,9,19,9,19,,18.243
118,0,+0.10,876,dqn,83 110 105 92 106 78 76 80 89 94,,9,19,9,19,,18.109
118,0,+0.10,888,dqn,83 105 110 92 78 76 80 89 106 94,,9,19,9,19,,18.0497
118,0,+0.10,900,dqn,83 105 110 92 78 76 80 89 106 94,,9,19,9,19,,17.8277
118,0,+0.10,912,dqn,83 110 105 92 78 76 80 89 106 94,,9,19,9,19,,17.34
118,0,+0.10,924,dqn,83 105 110 92 78 76 80 89 106 94,,9,19,9,19,,16.5654
118,0,+0.10,936,dqn,83 110 105 78 76 80 89 106 92 94,,9,19,9,19,,16.6257
118,0,+0.10,948,dqn,83 110 105 92 78 76 80 89 106 94,,9,19,9,19,,16.4519
118,0,+0.10,960,dqn,83 100 80 106 92 76 78 105 89 110,,9,19,9,19,,19.149
118,0,+0.10,972,dqn,83 100 80 106 92 76 78 105 89 110,,9,19,9,19,,18.5721
118,0,+0.10,984,dqn,83 100 80 106 92 76 78 105 110 89,,9,19,9,19,,19.3938
118,0,+0.10,996,dqn,83 100 80 106 92 76 78 105 110 89,,9,19,9,19,,18.2708
118,0,+0.10,1008,dqn,83 100 80 106 92 76 78 105 89 110,,9,19,9,19,,18.2047
118,0,+0.10,1020,dqn,83 100 80 106 92 76 78 105 89 110,,9,19,9,19,,16.9662
118,0,+0.10,1032,dqn,83 100 80 106 92 76 78 105 89 110,,9,19,9,19,,16.5757
118,0,+0.10,1044,dqn,83 100 80 106 92 76 78 105 89 110,,9,19,9,19,,15.2778
118,0,+0.10,1056,dqn,83 100 80 106 92 76 78 105 89 110,,9,19,9,19,,15.4453
118,0,+0.10,1068,dqn,83 100 80 106 92 76 78 105 89 110,,9,19,9,19,,16.0618
118,0,+0.10,1080,dqn,83 106 100 89 105 110 92 76 78 94,,9,19,9,19,,18.1338
118,0,+0.10,1092,dqn,83 106 100 89 105 110 92 76 78 94,,9,19,9,19,,19.3316
118,0,+0.10,1104,dqn,83 106 100 105 110 92 89 76 78 94,,9,19,9,19,,19.3778
118,0,+0.10,1116,dqn,83 106 100 105 110 92 89 76 78 94,,9,19,9,19,,18.1756
118,0,+0.10,1128,dqn,83 106 100 89 105 110 92 76 78 94,,9,19,9,19,,18.195
118,0,+0.10,1140,dqn,83 106 100 89 105 110 92 76 78 94,,9,19,9,19,,17.9906
118,0,+0.10,1152,dqn,106 83 89 100 105 110 92 76 78 94,,9,19,9,19,,17.9957
118,0,+0.10,1164,dqn,83 106 100 89 105 110 92 76 78 94,,9,19,9,19,,18.2665
118,0,+0.10,1176,dqn,106 83 89 100 110 105 92 76 78 94,,9,19,9,19,,17.443
118,0,+0.10,1188,dqn,106 83 89 100 80 110 105 92 76 78,,9,19,9,19,,16.8618
