scenario,margin,window,method,seconds
0,+0.10,0,solution1,0.0119
0,+0.10,12,solution1,0.012
0,+0.10,24,solution1,0.0121
0,+0.10,36,solution1,0.0119
0,+0.10,48,solution1,0.0117
0,+0.10,60,solution1,0.0118
0,+0.10,72,solution1,0.0116
0,+0.10,84,solution1,0.0121
0,+0.10,96,solution1,0.0117
0,+0.10,108,solution1,0.0115
0,+0.10,120,solution1,0.0121
0,+0.10,132,solution1,0.0117
0,+0.10,144,solution1,0.0115
0,+0.10,156,solution1,0.0118
0,+0.10,168,solution1,0.0121
0,+0.10,180,solution1,0.0115
0,+0.10,192,solution1,0.007
0,+0.10,204,solution1,0.0119
0,+0.10,216,solution1,0.0116
0,+0.10,228,solution1,0.0114
1,+0.10,0,solution1,0.035
1,+0.10,12,solution1,0.0367
1,+0.10,24,solution1,0.008
1,+0.10,36,solution1,0.0145
1,+0.10,48,solution1,0.0355
1,+0.10,60,solution1,0.0389
1,+0.10,72,solution1,0.0411
1,+0.10,84,solution1,0.0142
1,+0.10,96,solution1,0.0147
1,+0.10,108,solution1,0.0263
1,+0.10,120,solution1,0.0463
1,+0.10,132,solution1,0.0397
1,+0.10,144,solution1,0.0363
1,+0.10,156,solution1,0.0355
1,+0.10,168,solution1,0.0326
1,+0.10,180,solution1,0.0445
1,+0.10,192,solution1,0.0346
1,+0.10,204,solution1,0.0346
1,+0.10,216,solution1,0.0403
1,+0.10,228,solution1,0.0395
0,+0.10,0,dqn,3.1221
0,+0.10,12,dqn,6.5871
0,+0.10,24,dqn,3.5826
0,+0.10,36,dqn,6.9474
0,+0.10,48,dqn,2.9582
0,+0.10,60,dqn,2.7375
0,+0.10,72,dqn,3.3893
0,+0.10,84,dqn,3.5426
0,+0.10,96,dqn,6.0981
0,+0.10,108,dqn,2.8547
0,+0.10,120,dqn,3.3736
0,+0.10,132,dqn,2.786
0,+0.10,144,dqn,3.5088
0,+0.10,156,dqn,2.2585
0,+0.10,168,dqn,3.4599
0,+0.10,180,dqn,3.3336
0,+0.10,192,dqn,2.3213
0,+0.10,204,dqn,3.0531
0,+0.10,216,dqn,2.6155
0,+0.10,228,dqn,2.733
1,+0.10,0,dqn,33.6734
1,+0.10,12,dqn,33.9773
1,+0.10,24,dqn,27.174
1,+0.10,36,dqn,26.0032
1,+0.10,48,dqn,33.7735
1,+0.10,60,dqn,33.8479
1,+0.10,72,dqn,32.3511
1,+0.10,84,dqn,17.1779
1,+0.10,96,dqn,27.5957
1,+0.10,108,dqn,34.7123
1,+0.10,120,dqn,42.2328
1,+0.10,132,dqn,42.6194
1,+0.10,144,dqn,40.1341
1,+0.10,156,dqn,39.5881
1,+0.10,168,dqn,38.0237
1,+0.10,180,dqn,39.4007
1,+0.10,192,dqn,43.9298
1,+0.10,204,dqn,43.2782
1,+0.10,216,dqn,43.804
1,+0.10,228,dqn,41.6301
