run_id,experiment,system,method,family,split,metric,tags,value,sd,ci_lo,ci_hi
wu.multirate-ieee118-20261002t093927z-f585be-b0e1c3,wu.multirate,ieee118,l1,,,bdd_detection_matched_pct,pmu_set=80 83 100;rating=+0.10;scada_set=69 80 83 84 85 86 99 100;scenario=0;se_mode=every;window=40625;write_mode=full,36.5,,,
wu.multirate-ieee118-20261002t093927z-f585be-b0e1c3,wu.multirate,ieee118,l1,,,bdd_detection_matched_pct,pmu_set=80 83 100;rating=+0.10;scada_set=69 80 83 84 85 86 99 100;scenario=0;se_mode=scan;window=40625;write_mode=full,37.5,,,
wu.multirate-ieee118-20261002t093927z-f585be-b0e1c3,wu.multirate,ieee118,l1,,,bdd_detection_matched_pct,pmu_set=80 83 100;rating=+0.10;scada_set=69 80 83 84 85 89 99 100;scenario=0;se_mode=every;window=0;write_mode=full,36.0,,,
wu.multirate-ieee118-20261002t093927z-f585be-b0e1c3,wu.multirate,ieee118,l1,,,bdd_detection_matched_pct,pmu_set=80 83 100;rating=+0.10;scada_set=69 80 83 84 85 89 99 100;scenario=0;se_mode=scan;window=0;write_mode=full,37.5,,,
wu.multirate-ieee118-20261002t093927z-f585be-b0e1c3,wu.multirate,ieee118,l1,,,bdd_detection_matched_pct,pmu_set=80 83 100;rating=+0.10;scada_set=80 83 84 85 99 100;scenario=0;se_mode=every;window=0;write_mode=scan,47.0,,,
wu.multirate-ieee118-20261002t093927z-f585be-b0e1c3,wu.multirate,ieee118,l1,,,bdd_detection_matched_pct,pmu_set=80 83 100;rating=+0.10;scada_set=80 83 84 85 99 100;scenario=0;se_mode=every;window=40625;write_mode=scan,43.5,,,
wu.multirate-ieee118-20261002t093927z-f585be-b0e1c3,wu.multirate,ieee118,l1,,,bdd_detection_matched_pct,pmu_set=80 83 100;rating=+0.10;scada_set=80 83 84 85 99 100;scenario=0;se_mode=scan;window=0;write_mode=scan,37.5,,,
wu.multirate-ieee118-20261002t093927z-f585be-b0e1c3,wu.multirate,ieee118,l1,,,bdd_detection_matched_pct,pmu_set=80 83 100;rating=+0.10;scada_set=80 83 84 85 99 100;scenario=0;se_mode=scan;window=40625;write_mode=scan,37.5,,,
wu.multirate-ieee118-20261002t093927z-f585be-b0e1c3,wu.multirate,ieee118,l1,,,bdd_detection_pct,pmu_set=80 83 100;rating=+0.10;scada_set=69 80 83 84 85 86 99 100;scenario=0;se_mode=every;window=40625;write_mode=full,2.5,,,
wu.multirate-ieee118-20261002t093927z-f585be-b0e1c3,wu.multirate,ieee118,l1,,,bdd_detection_pct,pmu_set=80 83 100;rating=+0.10;scada_set=69 80 83 84 85 86 99 100;scenario=0;se_mode=scan;window=40625;write_mode=full,0.0,,,
wu.multirate-ieee118-20261002t093927z-f585be-b0e1c3,wu.multirate,ieee118,l1,,,bdd_detection_pct,pmu_set=80 83 100;rating=+0.10;scada_set=69 80 83 84 85 89 99 100;scenario=0;se_mode=every;window=0;write_mode=full,3.0,,,
wu.multirate-ieee118-20261002t093927z-f585be-b0e1c3,wu.multirate,ieee118,l1,,,bdd_detection_pct,pmu_set=80 83 100;rating=+0.10;scada_set=69 80 83 84 85 89 99 100;scenario=0;se_mode=scan;window=0;write_mode=full,0.0,,,
wu.multirate-ieee118-20261002t093927z-f585be-b0e1c3,wu.multirate,ieee118,l1,,,bdd_detection_pct,pmu_set=80 83 100;rating=+0.10;scada_set=80 83 84 85 99 100;scenario=0;se_mode=every;window=0;write_mode=scan,9.5,,,
wu.multirate-ieee118-20261002t093927z-f585be-b0e1c3,wu.multirate,ieee118,l1,,,bdd_detection_pct,pmu_set=80 83 100;rating=+0.10;scada_set=80 83 84 85 99 100;scenario=0;se_mode=every;window=40625;write_mode=scan,8.0,,,
wu.multirate-ieee118-20261002t093927z-f585be-b0e1c3,wu.multirate,ieee118,l1,,,bdd_detection_pct,pmu_set=80 83 100;rating=+0.10;scada_set=80 83 84 85 99 100;scenario=0;se_mode=scan;window=0;write_mode=scan,7.5,,,
wu.multirate-ieee118-20261002t093927z-f585be-b0e1c3,wu.multirate,ieee118,l1,,,bdd_detection_pct,pmu_set=80 83 100;rating=+0.10;scada_set=80 83 84 85 99 100;scenario=0;se_mode=scan;window=40625;write_mode=scan,7.5,,,
wu.multirate-ieee118-20261002t093927z-f585be-b0e1c3,wu.multirate,ieee118,l1,,,bdd_false_alarm_pct,pmu_set=80 83 100;rating=+0.10;scada_set=69 80 83 84 85 86 99 100;scenario=0;se_mode=every;window=40625;write_mode=full,3.5,,,
wu.multirate-ieee118-20261002t093927z-f585be-b0e1c3,wu.multirate,ieee118,l1,,,bdd_false_alarm_pct,pmu_set=80 83 100;rating=+0.10;scada_set=69 80 83 84 85 86 99 100;scenario=0;se_mode=scan;window=40625;write_mode=full,0.0,,,
wu.multirate-ieee118-20261002t093927z-f585be-b0e1c3,wu.multirate,ieee118,l1,,,bdd_false_alarm_pct,pmu_set=80 83 100;rating=+0.10;scada_set=69 80 83 84 85 89 99 100;scenario=0;se_mode=every;window=0;write_mode=full,2.5,,,
wu.multirate-ieee118-20261002t093927z-f585be-b0e1c3,wu.multirate,ieee118,l1,,,bdd_false_alarm_pct,pmu_set=80 83 100;rating=+0.10;scada_set=69 80 83 84 85 89 99 100;scenario=0;se_mode=scan;window=0;write_mode=full,0.0,,,
wu.multirate-ieee118-20261002t093927z-f585be-b0e1c3,wu.multirate,ieee118,l1,,,bdd_false_alarm_pct,pmu_set=80 83 100;rating=+0.10;scada_set=80 83 84 85 99 100;scenario=0;se_mode=every;window=0;write_mode=scan,4.5,,,
wu.multirate-ieee118-20261002t093927z-f585be-b0e1c3,wu.multirate,ieee118,l1,,,bdd_false_alarm_pct,pmu_set=80 83 100;rating=+0.10;scada_set=80 83 84 85 99 100;scenario=0;se_mode=every;window=40625;write_mode=scan,5.5,,,
wu.multirate-ieee118-20261002t093927z-f585be-b0e1c3,wu.multirate,ieee118,l1,,,bdd_false_alarm_pct,pmu_set=80 83 100;rating=+0.10;scada_set=80 83 84 85 99 100;scenario=0;se_mode=scan;window=0;write_mode=scan,7.5,,,
wu.multirate-ieee118-20261002t093927z-f585be-b0e1c3,wu.multirate,ieee118,l1,,,bdd_false_alarm_pct,pmu_set=80 83 100;rating=+0.10;scada_set=80 83 84 85 99 100;scenario=0;se_mode=scan;window=40625;write_mode=scan,7.5,,,
wu.multirate-ieee118-20261002t093927z-f585be-b0e1c3,wu.multirate,ieee118,l1,,,channels,pmu_set=80 83 100;rating=+0.10;scada_set=69 80 83 84 85 86 99 100;scenario=0;se_mode=every;window=40625;write_mode=full,22.0,,,
wu.multirate-ieee118-20261002t093927z-f585be-b0e1c3,wu.multirate,ieee118,l1,,,channels,pmu_set=80 83 100;rating=+0.10;scada_set=69 80 83 84 85 86 99 100;scenario=0;se_mode=scan;window=40625;write_mode=full,22.0,,,
wu.multirate-ieee118-20261002t093927z-f585be-b0e1c3,wu.multirate,ieee118,l1,,,channels,pmu_set=80 83 100;rating=+0.10;scada_set=69 80 83 84 85 89 99 100;scenario=0;se_mode=every;window=0;write_mode=full,22.0,,,
wu.multirate-ieee118-20261002t093927z-f585be-b0e1c3,wu.multirate,ieee118,l1,,,channels,pmu_set=80 83 100;rating=+0.10;scada_set=69 80 83 84 85 89 99 100;scenario=0;se_mode=scan;window=0;write_mode=full,22.0,,,
wu.multirate-ieee118-20261002t093927z-f585be-b0e1c3,wu.multirate,ieee118,l1,,,channels,pmu_set=80 83 100;rating=+0.10;scada_set=80 83 84 85 99 100;scenario=0;se_mode=every;window=0;write_mode=scan,19.0,,,
wu.multirate-ieee118-20261002t093927z-f585be-b0e1c3,wu.multirate,ieee118,l1,,,channels,pmu_set=80 83 100;rating=+0.10;scada_set=80 83 84 85 99 100;scenario=0;se_mode=every;window=40625;write_mode=scan,19.0,,,
wu.multirate-ieee118-20261002t093927z-f585be-b0e1c3,wu.multirate,ieee118,l1,,,channels,pmu_set=80 83 100;rating=+0.10;scada_set=80 83 84 85 99 100;scenario=0;se_mode=scan;window=0;write_mode=scan,19.0,,,
wu.multirate-ieee118-20261002t093927z-f585be-b0e1c3,wu.multirate,ieee118,l1,,,channels,pmu_set=80 83 100;rating=+0.10;scada_set=80 83 84 85 99 100;scenario=0;se_mode=scan;window=40625;write_mode=scan,19.0,,,
wu.multirate-ieee118-20261002t093927z-f585be-b0e1c3,wu.multirate,ieee118,l1,,,devices,pmu_set=80 83 100;rating=+0.10;scada_set=69 80 83 84 85 86 99 100;scenario=0;se_mode=every;window=40625;write_mode=full,11.0,,,
wu.multirate-ieee118-20261002t093927z-f585be-b0e1c3,wu.multirate,ieee118,l1,,,devices,pmu_set=80 83 100;rating=+0.10;scada_set=69 80 83 84 85 86 99 100;scenario=0;se_mode=scan;window=40625;write_mode=full,11.0,,,
wu.multirate-ieee118-20261002t093927z-f585be-b0e1c3,wu.multirate,ieee118,l1,,,devices,pmu_set=80 83 100;rating=+0.10;scada_set=69 80 83 84 85 89 99 100;scenario=0;se_mode=every;window=0;write_mode=full,11.0,,,
wu.multirate-ieee118-20261002t093927z-f585be-b0e1c3,wu.multirate,ieee118,l1,,,devices,pmu_set=80 83 100;rating=+0.10;scada_set=69 80 83 84 85 89 99 100;scenario=0;se_mode=scan;window=0;write_mode=full,11.0,,,
wu.multirate-ieee118-20261002t093927z-f585be-b0e1c3,wu.multirate,ieee118,l1,,,devices,pmu_set=80 83 100;rating=+0.10;scada_set=80 83 84 85 99 100;scenario=0;se_mode=every;window=0;write_mode=scan,9.0,,,
wu.multirate-ieee118-20261002t093927z-f585be-b0e1c3,wu.multirate,ieee118,l1,,,devices,pmu_set=80 83 100;rating=+0.10;scada_set=80 83 84 85 99 100;scenario=0;se_mode=every;window=40625;write_mode=scan,9.0,,,
wu.multirate-ieee118-20261002t093927z-f585be-b0e1c3,wu.multirate,ieee118,l1,,,devices,pmu_set=80 83 100;rating=+0.10;scada_set=80 83 84 85 99 100;scenario=0;se_mode=scan;window=0;write_mode=scan,9.0,,,
wu.multirate-ieee118-20261002t093927z-f585be-b0e1c3,wu.multirate,ieee118,l1,,,devices,pmu_set=80 83 100;rating=+0.10;scada_set=80 83 84 85 99 100;scenario=0;se_mode=scan;window=40625;write_mode=scan,9.0,,,
wu.multirate-ieee118-20261002t093927z-f585be-b0e1c3,wu.multirate,ieee118,l1,,,jaccard_pmu,pmu_set=80 83 100;rating=+0.10;scada_set=69 80 83 84 85 86 99 100;scenario=0;se_mode=every;window=40625;write_mode=full,0.286,,,
wu.multirate-ieee118-20261002t093927z-f585be-b0e1c3,wu.multirate,ieee118,l1,,,jaccard_pmu,pmu_set=80 83 100;rating=+0.10;scada_set=69 80 83 84 85 86 99 100;scenario=0;se_mode=scan;window=40625;write_mode=full,0.286,,,
wu.multirate-ieee118-20261002t093927z-f585be-b0e1c3,wu.multirate,ieee118,l1,,,jaccard_pmu,pmu_set=80 83 100;rating=+0.10;scada_set=69 80 83 84 85 89 99 100;scenario=0;se_mode=every;window=0;write_mode=full,0.286,,,
wu.multirate-ieee118-20261002t093927z-f585be-b0e1c3,wu.multirate,ieee118,l1,,,jaccard_pmu,pmu_set=80 83 100;rating=+0.10;scada_set=69 80 83 84 85 89 99 100;scenario=0;se_mode=scan;window=0;write_mode=full,0.286,,,
wu.multirate-ieee118-20261002t093927z-f585be-b0e1c3,wu.multirate,ieee118,l1,,,jaccard_pmu,pmu_set=80 83 100;rating=+0.10;scada_set=80 83 84 85 99 100;scenario=0;se_mode=every;window=0;write_mode=scan,0.286,,,
wu.multirate-ieee118-20261002t093927z-f585be-b0e1c3,wu.multirate,ieee118,l1,,,jaccard_pmu,pmu_set=80 83 100;rating=+0.10;scada_set=80 83 84 85 99 100;scenario=0;se_mode=every;window=40625;write_mode=scan,0.286,,,
wu.multirate-ieee118-20261002t093927z-f585be-b0e1c3,wu.multirate,ieee118,l1,,,jaccard_pmu,pmu_set=80 83 100;rating=+0.10;scada_set=80 83 84 85 99 100;scenario=0;se_mode=scan;window=0;write_mode=scan,0.286,,,
wu.multirate-ieee118-20261002t093927z-f585be-b0e1c3,wu.multirate,ieee118,l1,,,jaccard_pmu,pmu_set=80 83 100;rating=+0.10;scada_set=80 83 84 85 99 100;scenario=0;se_mode=scan;window=40625;write_mode=scan,0.286,,,
wu.multirate-ieee118-20261002t093927z-f585be-b0e1c3,wu.multirate,ieee118,l1,,,jaccard_scada,pmu_set=80 83 100;rating=+0.10;scada_set=69 80 83 84 85 86 99 100;scenario=0;se_mode=every;window=40625;write_mode=full,0.308,,,
wu.multirate-ieee118-20261002t093927z-f585be-b0e1c3,wu.multirate,ieee118,l1,,,jaccard_scada,pmu_set=80 83 100;rating=+0.10;scada_set=69 80 83 84 85 86 99 100;scenario=0;se_mode=scan;window=40625;write_mode=full,0.308,,,
wu.multirate-ieee118-20261002t093927z-f585be-b0e1c3,wu.multirate,ieee118,l1,,,jaccard_scada,pmu_set=80 83 100;rating=+0.10;scada_set=69 80 83 84 85 89 99 100;scenario=0;se_mode=every;window=0;write_mode=full,0.417,,,
wu.multirate-ieee118-20261002t093927z-f585be-b0e1c3,wu.multirate,ieee118,l1,,,jaccard_scada,pmu_set=80 83 100;rating=+0.10;scada_set=69 80 83 84 85 89 99 100;scenario=0;se_mode=scan;window=0;write_mode=full,0.417,,,
wu.multirate-ieee118-20261002t093927z-f585be-b0e1c3,wu.multirate,ieee118,l1,,,jaccard_scada,pmu_set=80 83 100;rating=+0.10;scada_set=80 83 84 85 99 100;scenario=0;se_mode=every;window=0;write_mode=scan,0.364,,,
wu.multirate-ieee118-20261002t093927z-f585be-b0e1c3,wu.multirate,ieee118,l1,,,jaccard_scada,pmu_set=80 83 100;rating=+0.10;scada_set=80 83 84 85 99 100;scenario=0;se_mode=every;window=40625;write_mode=scan,0.364,,,
wu.multirate-ieee118-20261002t093927z-f585be-b0e1c3,wu.multirate,ieee118,l1,,,jaccard_scada,pmu_set=80 83 100;rating=+0.10;scada_set=80 83 84 85 99 100;scenario=0;se_mode=scan;window=0;write_mode=scan,0.364,,,
wu.multirate-ieee118-20261002t093927z-f585be-b0e1c3,wu.multirate,ieee118,l1,,,jaccard_scada,pmu_set=80 83 100;rating=+0.10;scada_set=80 83 84 85 99 100;scenario=0;se_mode=scan;window=40625;write_mode=scan,0.364,,,
wu.multirate-ieee118-20261002t093927z-f585be-b0e1c3,wu.multirate,ieee118,l1,,,max_change_pu,pmu_set=80 83 100;rating=+0.10;scada_set=69 80 83 84 85 86 99 100;scenario=0;se_mode=every;window=40625;write_mode=full,0.2329,,,
wu.multirate-ieee118-20261002t093927z-f585be-b0e1c3,wu.multirate,ieee118,l1,,,max_change_pu,pmu_set=80 83 100;rating=+0.10;scada_set=69 80 83 84 85 86 99 100;scenario=0;se_mode=scan;window=40625;write_mode=full,0.2329,,,
wu.multirate-ieee118-20261002t093927z-f585be-b0e1c3,wu.multirate,ieee118,l1,,,max_change_pu,pmu_set=80 83 100;rating=+0.10;scada_set=69 80 83 84 85 89 99 100;scenario=0;se_mode=every;window=0;write_mode=full,0.2628,,,
wu.multirate-ieee118-20261002t093927z-f585be-b0e1c3,wu.multirate,ieee118,l1,,,max_change_pu,pmu_set=80 83 100;rating=+0.10;scada_set=69 80 83 84 85 89 99 100;scenario=0;se_mode=scan;window=0;write_mode=full,0.2628,,,
wu.multirate-ieee118-20261002t093927z-f585be-b0e1c3,wu.multirate,ieee118,l1,,,max_change_pu,pmu_set=80 83 100;rating=+0.10;scada_set=80 83 84 85 99 100;scenario=0;se_mode=every;window=0;write_mode=scan,0.1806,,,
wu.multirate-ieee118-20261002t093927z-f585be-b0e1c3,wu.multirate,ieee118,l1,,,max_change_pu,pmu_set=80 83 100;rating=+0.10;scada_set=80 83 84 85 99 100;scenario=0;se_mode=every;window=40625;write_mode=scan,0.1588,,,
wu.multirate-ieee118-20261002t093927z-f585be-b0e1c3,wu.multirate,ieee118,l1,,,max_change_pu,pmu_set=80 83 100;rating=+0.10;scada_set=80 83 84 85 99 100;scenario=0;se_mode=scan;window=0;write_mode=scan,0.1806,,,
wu.multirate-ieee118-20261002t093927z-f585be-b0e1c3,wu.multirate,ieee118,l1,,,max_change_pu,pmu_set=80 83 100;rating=+0.10;scada_set=80 83 84 85 99 100;scenario=0;se_mode=scan;window=40625;write_mode=scan,0.1588,,,
wu.multirate-ieee118-20261002t093927z-f585be-b0e1c3,wu.multirate,ieee118,l1,,,pmu_devices,pmu_set=80 83 100;rating=+0.10;scada_set=69 80 83 84 85 86 99 100;scenario=0;se_mode=every;window=40625;write_mode=full,3.0,,,
wu.multirate-ieee118-20261002t093927z-f585be-b0e1c3,wu.multirate,ieee118,l1,,,pmu_devices,pmu_set=80 83 100;rating=+0.10;scada_set=69 80 83 84 85 86 99 100;scenario=0;se_mode=scan;window=40625;write_mode=full,3.0,,,
wu.multirate-ieee118-20261002t093927z-f585be-b0e1c3,wu.multirate,ieee118,l1,,,pmu_devices,pmu_set=80 83 100;rating=+0.10;scada_set=69 80 83 84 85 89 99 100;scenario=0;se_mode=every;window=0;write_mode=full,3.0,,,
wu.multirate-ieee118-20261002t093927z-f585be-b0e1c3,wu.multirate,ieee118,l1,,,pmu_devices,pmu_set=80 83 100;rating=+0.10;scada_set=69 80 83 84 85 89 99 100;scenario=0;se_mode=scan;window=0;write_mode=full,3.0,,,
wu.multirate-ieee118-20261002t093927z-f585be-b0e1c3,wu.multirate,ieee118,l1,,,pmu_devices,pmu_set=80 83 100;rating=+0.10;scada_set=80 83 84 85 99 100;scenario=0;se_mode=every;window=0;write_mode=scan,3.0,,,
wu.multirate-ieee118-20261002t093927z-f585be-b0e1c3,wu.multirate,ieee118,l1,,,pmu_devices,pmu_set=80 83 100;rating=+0.10;scada_set=80 83 84 85 99 100;scenario=0;se_mode=every;window=40625;write_mode=scan,3.0,,,
wu.multirate-ieee118-20261002t093927z-f585be-b0e1c3,wu.multirate,ieee118,l1,,,pmu_devices,pmu_set=80 83 100;rating=+0.10;scada_set=80 83 84 85 99 100;scenario=0;se_mode=scan;window=0;write_mode=scan,3.0,,,
wu.multirate-ieee118-20261002t093927z-f585be-b0e1c3,wu.multirate,ieee118,l1,,,pmu_devices,pmu_set=80 83 100;rating=+0.10;scada_set=80 83 84 85 99 100;scenario=0;se_mode=scan;window=40625;write_mode=scan,3.0,,,
wu.multirate-ieee118-20261002t093927z-f585be-b0e1c3,wu.multirate,ieee118,l1,,,seconds,pmu_set=80 83 100;rating=+0.10;scada_set=69 80 83 84 85 86 99 100;scenario=0;se_mode=every;window=40625;write_mode=full,176.6,,,
wu.multirate-ieee118-20261002t093927z-f585be-b0e1c3,wu.multirate,ieee118,l1,,,seconds,pmu_set=80 83 100;rating=+0.10;scada_set=69 80 83 84 85 86 99 100;scenario=0;se_mode=scan;window=40625;write_mode=full,176.6,,,
wu.multirate-ieee118-20261002t093927z-f585be-b0e1c3,wu.multirate,ieee118,l1,,,seconds,pmu_set=80 83 100;rating=+0.10;scada_set=69 80 83 84 85 89 99 100;scenario=0;se_mode=every;window=0;write_mode=full,171.1,,,
wu.multirate-ieee118-20261002t093927z-f585be-b0e1c3,wu.multirate,ieee118,l1,,,seconds,pmu_set=80 83 100;rating=+0.10;scada_set=69 80 83 84 85 89 99 100;scenario=0;se_mode=scan;window=0;write_mode=full,171.1,,,
wu.multirate-ieee118-20261002t093927z-f585be-b0e1c3,wu.multirate,ieee118,l1,,,seconds,pmu_set=80 83 100;rating=+0.10;scada_set=80 83 84 85 99 100;scenario=0;se_mode=every;window=0;write_mode=scan,171.1,,,
wu.multirate-ieee118-20261002t093927z-f585be-b0e1c3,wu.multirate,ieee118,l1,,,seconds,pmu_set=80 83 100;rating=+0.10;scada_set=80 83 84 85 99 100;scenario=0;se_mode=every;window=40625;write_mode=scan,176.6,,,
wu.multirate-ieee118-20261002t093927z-f585be-b0e1c3,wu.multirate,ieee118,l1,,,seconds,pmu_set=80 83 100;rating=+0.10;scada_set=80 83 84 85 99 100;scenario=0;se_mode=scan;window=0;write_mode=scan,171.1,,,
wu.multirate-ieee118-20261002t093927z-f585be-b0e1c3,wu.multirate,ieee118,l1,,,seconds,pmu_set=80 83 100;rating=+0.10;scada_set=80 83 84 85 99 100;scenario=0;se_mode=scan;window=40625;write_mode=scan,176.6,,,
wu.multirate-ieee118-20261002t093927z-f585be-b0e1c3,wu.multirate,ieee118,search,,,bdd_detection_matched_pct,pmu_set=80 83 100;rating=+0.10;scada_set=69 80 82 83 84 85 89 99 100;scenario=0;se_mode=every;window=0;write_mode=full,36.0,,,
wu.multirate-ieee118-20261002t093927z-f585be-b0e1c3,wu.multirate,ieee118,search,,,bdd_detection_matched_pct,pmu_set=80 83 100;rating=+0.10;scada_set=69 80 82 83 84 85 89 99 100;scenario=0;se_mode=scan;window=0;write_mode=full,37.5,,,
wu.multirate-ieee118-20261002t093927z-f585be-b0e1c3,wu.multirate,ieee118,search,,,bdd_detection_matched_pct,pmu_set=80 83 100;rating=+0.10;scada_set=69 80 82 83 84 85 99 100;scenario=0;se_mode=every;window=40625;write_mode=full,36.5,,,
wu.multirate-ieee118-20261002t093927z-f585be-b0e1c3,wu.multirate,ieee118,search,,,bdd_detection_matched_pct,pmu_set=80 83 100;rating=+0.10;scada_set=69 80 82 83 84 85 99 100;scenario=0;se_mode=scan;window=40625;write_mode=full,37.5,,,
wu.multirate-ieee118-20261002t093927z-f585be-b0e1c3,wu.multirate,ieee118,search,,,bdd_detection_matched_pct,pmu_set=80 83 100;rating=+0.10;scada_set=80 82 83 84 85 99 100;scenario=0;se_mode=every;window=0;write_mode=scan,49.5,,,
wu.multirate-ieee118-20261002t093927z-f585be-b0e1c3,wu.multirate,ieee118,search,,,bdd_detection_matched_pct,pmu_set=80 83 100;rating=+0.10;scada_set=80 82 83 84 85 99 100;scenario=0;se_mode=every;window=40625;write_mode=scan,54.5,,,
wu.multirate-ieee118-20261002t093927z-f585be-b0e1c3,wu.multirate,ieee118,search,,,bdd_detection_matched_pct,pmu_set=80 83 100;rating=+0.10;scada_set=80 82 83 84 85 99 100;scenario=0;se_mode=scan;window=0;write_mode=scan,37.5,,,
wu.multirate-ieee118-20261002t093927z-f585be-b0e1c3,wu.multirate,ieee118,search,,,bdd_detection_matched_pct,pmu_set=80 83 100;rating=+0.10;scada_set=80 82 83 84 85 99 100;scenario=0;se_mode=scan;window=40625;write_mode=scan,37.5,,,
wu.multirate-ieee118-20261002t093927z-f585be-b0e1c3,wu.multirate,ieee118,search,,,bdd_detection_pct,pmu_set=80 83 100;rating=+0.10;scada_set=69 80 82 83 84 85 89 99 100;scenario=0;se_mode=every;window=0;write_mode=full,3.0,,,
wu.multirate-ieee118-20261002t093927z-f585be-b0e1c3,wu.multirate,ieee118,search,,,bdd_detection_pct,pmu_set=80 83 100;rating=+0.10;scada_set=69 80 82 83 84 85 89 99 100;scenario=0;se_mode=scan;window=0;write_mode=full,0.0,,,
wu.multirate-ieee118-20261002t093927z-f585be-b0e1c3,wu.multirate,ieee118,search,,,bdd_detection_pct,pmu_set=80 83 100;rating=+0.10;scada_set=69 80 82 83 84 85 99 100;scenario=0;se_mode=every;window=40625;write_mode=full,2.5,,,
wu.multirate-ieee118-20261002t093927z-f585be-b0e1c3,wu.multirate,ieee118,search,,,bdd_detection_pct,pmu_set=80 83 100;rating=+0.10;scada_set=69 80 82 83 84 85 99 100;scenario=0;se_mode=scan;window=40625;write_mode=full,0.0,,,
wu.multirate-ieee118-20261002t093927z-f585be-b0e1c3,wu.multirate,ieee118,search,,,bdd_detection_pct,pmu_set=80 83 100;rating=+0.10;scada_set=80 82 83 84 85 99 100;scenario=0;se_mode=every;window=0;write_mode=scan,9.5,,,
wu.multirate-ieee118-20261002t093927z-f585be-b0e1c3,wu.multirate,ieee118,search,,,bdd_detection_pct,pmu_set=80 83 100;rating=+0.10;scada_set=80 82 83 84 85 99 100;scenario=0;se_mode=every;window=40625;write_mode=scan,18.0,,,
wu.multirate-ieee118-20261002t093927z-f585be-b0e1c3,wu.multirate,ieee118,search,,,bdd_detection_pct,pmu_set=80 83 100;rating=+0.10;scada_set=80 82 83 84 85 99 100;scenario=0;se_mode=scan;window=0;write_mode=scan,7.5,,,
wu.multirate-ieee118-20261002t093927z-f585be-b0e1c3,wu.multirate,ieee118,search,,,bdd_detection_pct,pmu_set=80 83 100;rating=+0.10;scada_set=80 82 83 84 85 99 100;scenario=0;se_mode=scan;window=40625;write_mode=scan,7.5,,,
wu.multirate-ieee118-20261002t093927z-f585be-b0e1c3,wu.multirate,ieee118,search,,,bdd_false_alarm_pct,pmu_set=80 83 100;rating=+0.10;scada_set=69 80 82 83 84 85 89 99 100;scenario=0;se_mode=every;window=0;write_mode=full,2.5,,,
wu.multirate-ieee118-20261002t093927z-f585be-b0e1c3,wu.multirate,ieee118,search,,,bdd_false_alarm_pct,pmu_set=80 83 100;rating=+0.10;scada_set=69 80 82 83 84 85 89 99 100;scenario=0;se_mode=scan;window=0;write_mode=full,0.0,,,
wu.multirate-ieee118-20261002t093927z-f585be-b0e1c3,wu.multirate,ieee118,search,,,bdd_false_alarm_pct,pmu_set=80 83 100;rating=+0.10;scada_set=69 80 82 83 84 85 99 100;scenario=0;se_mode=every;window=40625;write_mode=full,3.5,,,
wu.multirate-ieee118-20261002t093927z-f585be-b0e1c3,wu.multirate,ieee118,search,,,bdd_false_alarm_pct,pmu_set=80 83 100;rating=+0.10;scada_set=69 80 82 83 84 85 99 100;scenario=0;se_mode=scan;window=40625;write_mode=full,0.0,,,
wu.multirate-ieee118-20261002t093927z-f585be-b0e1c3,wu.multirate,ieee118,search,,,bdd_false_alarm_pct,pmu_set=80 83 100;rating=+0.10;scada_set=80 82 83 84 85 99 100;scenario=0;se_mode=every;window=0;write_mode=scan,4.5,,,
wu.multirate-ieee118-20261002t093927z-f585be-b0e1c3,wu.multirate,ieee118,search,,,bdd_false_alarm_pct,pmu_set=80 83 100;rating=+0.10;scada_set=80 82 83 84 85 99 100;scenario=0;se_mode=every;window=40625;write_mode=scan,5.5,,,
wu.multirate-ieee118-20261002t093927z-f585be-b0e1c3,wu.multirate,ieee118,search,,,bdd_false_alarm_pct,pmu_set=80 83 100;rating=+0.10;scada_set=80 82 83 84 85 99 100;scenario=0;se_mode=scan;window=0;write_mode=scan,7.5,,,
wu.multirate-ieee118-20261002t093927z-f585be-b0e1c3,wu.multirate,ieee118,search,,,bdd_false_alarm_pct,pmu_set=80 83 100;rating=+0.10;scada_set=80 82 83 84 85 99 100;scenario=0;se_mode=scan;window=40625;write_mode=scan,7.5,,,
wu.multirate-ieee118-20261002t093927z-f585be-b0e1c3,wu.multirate,ieee118,search,,,channels,pmu_set=80 83 100;rating=+0.10;scada_set=69 80 82 83 84 85 89 99 100;scenario=0;se_mode=every;window=0;write_mode=full,29.0,,,
wu.multirate-ieee118-20261002t093927z-f585be-b0e1c3,wu.multirate,ieee118,search,,,channels,pmu_set=80 83 100;rating=+0.10;scada_set=69 80 82 83 84 85 89 99 100;scenario=0;se_mode=scan;window=0;write_mode=full,29.0,,,
wu.multirate-ieee118-20261002t093927z-f585be-b0e1c3,wu.multirate,ieee118,search,,,channels,pmu_set=80 83 100;rating=+0.10;scada_set=69 80 82 83 84 85 99 100;scenario=0;se_mode=every;window=40625;write_mode=full,29.0,,,
wu.multirate-ieee118-20261002t093927z-f585be-b0e1c3,wu.multirate,ieee118,search,,,channels,pmu_set=80 83 100;rating=+0.10;scada_set=69 80 82 83 84 85 99 100;scenario=0;se_mode=scan;window=40625;write_mode=full,29.0,,,
wu.multirate-ieee118-20261002t093927z-f585be-b0e1c3,wu.multirate,ieee118,search,,,channels,pmu_set=80 83 100;rating=+0.10;scada_set=80 82 83 84 85 99 100;scenario=0;se_mode=every;window=0;write_mode=scan,24.0,,,
wu.multirate-ieee118-20261002t093927z-f585be-b0e1c3,wu.multirate,ieee118,search,,,channels,pmu_set=80 83 100;rating=+0.10;scada_set=80 82 83 84 85 99 100;scenario=0;se_mode=every;window=40625;write_mode=scan,25.0,,,
wu.multirate-ieee118-20261002t093927z-f585be-b0e1c3,wu.multirate,ieee118,search,,,channels,pmu_set=80 83 100;rating=+0.10;scada_set=80 82 83 84 85 99 100;scenario=0;se_mode=scan;window=0;write_mode=scan,24.0,,,
wu.multirate-ieee118-20261002t093927z-f585be-b0e1c3,wu.multirate,ieee118,search,,,channels,pmu_set=80 83 100;rating=+0.10;scada_set=80 82 83 84 85 99 100;scenario=0;se_mode=scan;window=40625;write_mode=scan,25.0,,,
wu.multirate-ieee118-20261002t093927z-f585be-b0e1c3,wu.multirate,ieee118,search,,,devices,pmu_set=80 83 100;rating=+0.10;scada_set=69 80 82 83 84 85 89 99 100;scenario=0;se_mode=every;window=0;write_mode=full,12.0,,,
wu.multirate-ieee118-20261002t093927z-f585be-b0e1c3,wu.multirate,ieee118,search,,,devices,pmu_set=80 83 100;rating=+0.10;scada_set=69 80 82 83 84 85 89 99 100;scenario=0;se_mode=scan;window=0;write_mode=full,12.0,,,
wu.multirate-ieee118-20261002t093927z-f585be-b0e1c3,wu.multirate,ieee118,search,,,devices,pmu_set=80 83 100;rating=+0.10;scada_set=69 80 82 83 84 85 99 100;scenario=0;se_mode=every;window=40625;write_mode=full,11.0,,,
wu.multirate-ieee118-20261002t093927z-f585be-b0e1c3,wu.multirate,ieee118,search,,,devices,pmu_set=80 83 100;rating=+0.10;scada_set=69 80 82 83 84 85 99 100;scenario=0;se_mode=scan;window=40625;write_mode=full,11.0,,,
wu.multirate-ieee118-20261002t093927z-f585be-b0e1c3,wu.multirate,ieee118,search,,,devices,pmu_set=80 83 100;rating=+0.10;scada_set=80 82 83 84 85 99 100;scenario=0;se_mode=every;window=0;write_mode=scan,10.0,,,
wu.multirate-ieee118-20261002t093927z-f585be-b0e1c3,wu.multirate,ieee118,search,,,devices,pmu_set=80 83 100;rating=+0.10;scada_set=80 82 83 84 85 99 100;scenario=0;se_mode=every;window=40625;write_mode=scan,10.0,,,
wu.multirate-ieee118-20261002t093927z-f585be-b0e1c3,wu.multirate,ieee118,search,,,devices,pmu_set=80 83 100;rating=+0.10;scada_set=80 82 83 84 85 99 100;scenario=0;se_mode=scan;window=0;write_mode=scan,10.0,,,
wu.multirate-ieee118-20261002t093927z-f585be-b0e1c3,wu.multirate,ieee118,search,,,devices,pmu_set=80 83 100;rating=+0.10;scada_set=80 82 83 84 85 99 100;scenario=0;se_mode=scan;window=40625;write_mode=scan,10.0,,,
wu.multirate-ieee118-20261002t093927z-f585be-b0e1c3,wu.multirate,ieee118,search,,,jaccard_pmu,pmu_set=80 83 100;rating=+0.10;scada_set=69 80 82 83 84 85 89 99 100;scenario=0;se_mode=every;window=0;write_mode=full,0.286,,,
wu.multirate-ieee118-20261002t093927z-f585be-b0e1c3,wu.multirate,ieee118,search,,,jaccard_pmu,pmu_set=80 83 100;rating=+0.10;scada_set=69 80 82 83 84 85 89 99 100;scenario=0;se_mode=scan;window=0;write_mode=full,0.286,,,
wu.multirate-ieee118-20261002t093927z-f585be-b0e1c3,wu.multirate,ieee118,search,,,jaccard_pmu,pmu_set=80 83 100;rating=+0.10;scada_set=69 80 82 83 84 85 99 100;scenario=0;se_mode=every;window=40625;write_mode=full,0.286,,,
wu.multirate-ieee118-20261002t093927z-f585be-b0e1c3,wu.multirate,ieee118,search,,,jaccard_pmu,pmu_set=80 83 100;rating=+0.10;scada_set=69 80 82 83 84 85 99 100;scenario=0;se_mode=scan;window=40625;write_mode=full,0.286,,,
wu.multirate-ieee118-20261002t093927z-f585be-b0e1c3,wu.multirate,ieee118,search,,,jaccard_pmu,pmu_set=80 83 100;rating=+0.10;scada_set=80 82 83 84 85 99 100;scenario=0;se_mode=every;window=0;write_mode=scan,0.286,,,
wu.multirate-ieee118-20261002t093927z-f585be-b0e1c3,wu.multirate,ieee118,search,,,jaccard_pmu,pmu_set=80 83 100;rating=+0.10;scada_set=80 82 83 84 85 99 100;scenario=0;se_mode=every;window=40625;write_mode=scan,0.286,,,
wu.multirate-ieee118-20261002t093927z-f585be-b0e1c3,wu.multirate,ieee118,search,,,jaccard_pmu,pmu_set=80 83 100;rating=+0.10;scada_set=80 82 83 84 85 99 100;scenario=0;se_mode=scan;window=0;write_mode=scan,0.286,,,
wu.multirate-ieee118-20261002t093927z-f585be-b0e1c3,wu.multirate,ieee118,search,,,jaccard_pmu,pmu_set=80 83 100;rating=+0.10;scada_set=80 82 83 84 85 99 100;scenario=0;se_mode=scan;window=40625;write_mode=scan,0.286,,,
wu.multirate-ieee118-20261002t093927z-f585be-b0e1c3,wu.multirate,ieee118,search,,,jaccard_scada,pmu_set=80 83 100;rating=+0.10;scada_set=69 80 82 83 84 85 89 99 100;scenario=0;se_mode=every;window=0;write_mode=full,0.385,,,
wu.multirate-ieee118-20261002t093927z-f585be-b0e1c3,wu.multirate,ieee118,search,,,jaccard_scada,pmu_set=80 83 100;rating=+0.10;scada_set=69 80 82 83 84 85 89 99 100;scenario=0;se_mode=scan;window=0;write_mode=full,0.385,,,
wu.multirate-ieee118-20261002t093927z-f585be-b0e1c3,wu.multirate,ieee118,search,,,jaccard_scada,pmu_set=80 83 100;rating=+0.10;scada_set=69 80 82 83 84 85 99 100;scenario=0;se_mode=every;window=40625;write_mode=full,0.308,,,
wu.multirate-ieee118-20261002t093927z-f585be-b0e1c3,wu.multirate,ieee118,search,,,jaccard_scada,pmu_set=80 83 100;rating=+0.10;scada_set=69 80 82 83 84 85 99 100;scenario=0;se_mode=scan;window=40625;write_mode=full,0.308,,,
wu.multirate-ieee118-20261002t093927z-f585be-b0e1c3,wu.multirate,ieee118,search,,,jaccard_scada,pmu_set=80 83 100;rating=+0.10;scada_set=80 82 83 84 85 99 100;scenario=0;se_mode=every;window=0;write_mode=scan,0.333,,,
wu.multirate-ieee118-20261002t093927z-f585be-b0e1c3,wu.multirate,ieee118,search,,,jaccard_scada,pmu_set=80 83 100;rating=+0.10;scada_set=80 82 83 84 85 99 100;scenario=0;se_mode=every;window=40625;write_mode=scan,0.333,,,
wu.multirate-ieee118-20261002t093927z-f585be-b0e1c3,wu.multirate,ieee118,search,,,jaccard_scada,pmu_set=80 83 100;rating=+0.10;scada_set=80 82 83 84 85 99 100;scenario=0;se_mode=scan;window=0;write_mode=scan,0.333,,,
wu.multirate-ieee118-20261002t093927z-f585be-b0e1c3,wu.multirate,ieee118,search,,,jaccard_scada,pmu_set=80 83 100;rating=+0.10;scada_set=80 82 83 84 85 99 100;scenario=0;se_mode=scan;window=40625;write_mode=scan,0.333,,,
wu.multirate-ieee118-20261002t093927z-f585be-b0e1c3,wu.multirate,ieee118,search,,,max_change_pu,pmu_set=80 83 100;rating=+0.10;scada_set=69 80 82 83 84 85 89 99 100;scenario=0;se_mode=every;window=0;write_mode=full,0.2628,,,
wu.multirate-ieee118-20261002t093927z-f585be-b0e1c3,wu.multirate,ieee118,search,,,max_change_pu,pmu_set=80 83 100;rating=+0.10;scada_set=69 80 82 83 84 85 89 99 100;scenario=0;se_mode=scan;window=0;write_mode=full,0.2628,,,
wu.multirate-ieee118-20261002t093927z-f585be-b0e1c3,wu.multirate,ieee118,search,,,max_change_pu,pmu_set=80 83 100;rating=+0.10;scada_set=69 80 82 83 84 85 99 100;scenario=0;se_mode=every;window=40625;write_mode=full,0.2985,,,
wu.multirate-ieee118-20261002t093927z-f585be-b0e1c3,wu.multirate,ieee118,search,,,max_change_pu,pmu_set=80 83 100;rating=+0.10;scada_set=69 80 82 83 84 85 99 100;scenario=0;se_mode=scan;window=40625;write_mode=full,0.2985,,,
wu.multirate-ieee118-20261002t093927z-f585be-b0e1c3,wu.multirate,ieee118,search,,,max_change_pu,pmu_set=80 83 100;rating=+0.10;scada_set=80 82 83 84 85 99 100;scenario=0;se_mode=every;window=0;write_mode=scan,0.1806,,,
wu.multirate-ieee118-20261002t093927z-f585be-b0e1c3,wu.multirate,ieee118,search,,,max_change_pu,pmu_set=80 83 100;rating=+0.10;scada_set=80 82 83 84 85 99 100;scenario=0;se_mode=every;window=40625;write_mode=scan,0.1588,,,
wu.multirate-ieee118-20261002t093927z-f585be-b0e1c3,wu.multirate,ieee118,search,,,max_change_pu,pmu_set=80 83 100;rating=+0.10;scada_set=80 82 83 84 85 99 100;scenario=0;se_mode=scan;window=0;write_mode=scan,0.1806,,,
wu.multirate-ieee118-20261002t093927z-f585be-b0e1c3,wu.multirate,ieee118,search,,,max_change_pu,pmu_set=80 83 100;rating=+0.10;scada_set=80 82 83 84 85 99 100;scenario=0;se_mode=scan;window=40625;write_mode=scan,0.1588,,,
wu.multirate-ieee118-20261002t093927z-f585be-b0e1c3,wu.multirate,ieee118,search,,,pmu_devices,pmu_set=80 83 100;rating=+0.10;scada_set=69 80 82 83 84 85 89 99 100;scenario=0;se_mode=every;window=0;write_mode=full,3.0,,,
wu.multirate-ieee118-20261002t093927z-f585be-b0e1c3,wu.multirate,ieee118,search,,,pmu_devices,pmu_set=80 83 100;rating=+0.10;scada_set=69 80 82 83 84 85 89 99 100;scenario=0;se_mode=scan;window=0;write_mode=full,3.0,,,
wu.multirate-ieee118-20261002t093927z-f585be-b0e1c3,wu.multirate,ieee118,search,,,pmu_devices,pmu_set=80 83 100;rating=+0.10;scada_set=69 80 82 83 84 85 99 100;scenario=0;se_mode=every;window=40625;write_mode=full,3.0,,,
wu.multirate-ieee118-20261002t093927z-f585be-b0e1c3,wu.multirate,ieee118,search,,,pmu_devices,pmu_set=80 83 100;rating=+0.10;scada_set=69 80 82 83 84 85 99 100;scenario=0;se_mode=scan;window=40625;write_mode=full,3.0,,,
wu.multirate-ieee118-20261002t093927z-f585be-b0e1c3,wu.multirate,ieee118,search,,,pmu_devices,pmu_set=80 83 100;rating=+0.10;scada_set=80 82 83 84 85 99 100;scenario=0;se_mode=every;window=0;write_mode=scan,3.0,,,
wu.multirate-ieee118-20261002t093927z-f585be-b0e1c3,wu.multirate,ieee118,search,,,pmu_devices,pmu_set=80 83 100;rating=+0.10;scada_set=80 82 83 84 85 99 100;scenario=0;se_mode=every;window=40625;write_mode=scan,3.0,,,
wu.multirate-ieee118-20261002t093927z-f585be-b0e1c3,wu.multirate,ieee118,search,,,pmu_devices,pmu_set=80 83 100;rating=+0.10;scada_set=80 82 83 84 85 99 100;scenario=0;se_mode=scan;window=0;write_mode=scan,3.0,,,
wu.multirate-ieee118-20261002t093927z-f585be-b0e1c3,wu.multirate,ieee118,search,,,pmu_devices,pmu_set=80 83 100;rating=+0.10;scada_set=80 82 83 84 85 99 100;scenario=0;se_mode=scan;window=40625;write_mode=scan,3.0,,,
wu.multirate-ieee118-20261002t093927z-f585be-b0e1c3,wu.multirate,ieee118,search,,,seconds,pmu_set=80 83 100;rating=+0.10;scada_set=69 80 82 83 84 85 89 99 100;scenario=0;se_mode=every;window=0;write_mode=full,1.8,,,
wu.multirate-ieee118-20261002t093927z-f585be-b0e1c3,wu.multirate,ieee118,search,,,seconds,pmu_set=80 83 100;rating=+0.10;scada_set=69 80 82 83 84 85 89 99 100;scenario=0;se_mode=scan;window=0;write_mode=full,1.8,,,
wu.multirate-ieee118-20261002t093927z-f585be-b0e1c3,wu.multirate,ieee118,search,,,seconds,pmu_set=80 83 100;rating=+0.10;scada_set=69 80 82 83 84 85 99 100;scenario=0;se_mode=every;window=40625;write_mode=full,2.6,,,
wu.multirate-ieee118-20261002t093927z-f585be-b0e1c3,wu.multirate,ieee118,search,,,seconds,pmu_set=80 83 100;rating=+0.10;scada_set=69 80 82 83 84 85 99 100;scenario=0;se_mode=scan;window=40625;write_mode=full,2.6,,,
wu.multirate-ieee118-20261002t093927z-f585be-b0e1c3,wu.multirate,ieee118,search,,,seconds,pmu_set=80 83 100;rating=+0.10;scada_set=80 82 83 84 85 99 100;scenario=0;se_mode=every;window=0;write_mode=scan,1.8,,,
wu.multirate-ieee118-20261002t093927z-f585be-b0e1c3,wu.multirate,ieee118,search,,,seconds,pmu_set=80 83 100;rating=+0.10;scada_set=80 82 83 84 85 99 100;scenario=0;se_mode=every;window=40625;write_mode=scan,2.6,,,
wu.multirate-ieee118-20261002t093927z-f585be-b0e1c3,wu.multirate,ieee118,search,,,seconds,pmu_set=80 83 100;rating=+0.10;scada_set=80 82 83 84 85 99 100;scenario=0;se_mode=scan;window=0;write_mode=scan,1.8,,,
wu.multirate-ieee118-20261002t093927z-f585be-b0e1c3,wu.multirate,ieee118,search,,,seconds,pmu_set=80 83 100;rating=+0.10;scada_set=80 82 83 84 85 99 100;scenario=0;se_mode=scan;window=40625;write_mode=scan,2.6,,,
wu.multirate-ieee14-20261002t093927z-f585be-eedbb1,wu.multirate,ieee14,l1,,,bdd_detection_matched_pct,pmu_set=1 4 6 13;rating=+0.10;scada_set=1 2 3 4 5 6 7 8 9 10 11;scenario=0;se_mode=every;window=0;write_mode=full,38.0,,,
wu.multirate-ieee14-20261002t093927z-f585be-eedbb1,wu.multirate,ieee14,l1,,,bdd_detection_matched_pct,pmu_set=1 4 6 13;rating=+0.10;scada_set=1 2 3 4 5 6 7 8 9 10 11;scenario=0;se_mode=every;window=56369;write_mode=full,36.75,,,
wu.multirate-ieee14-20261002t093927z-f585be-eedbb1,wu.multirate,ieee14,l1,,,bdd_detection_matched_pct,pmu_set=1 4 6 13;rating=+0.10;scada_set=1 2 3 4 5 6 7 8 9 10 11;scenario=0;se_mode=scan;window=0;write_mode=full,35.0,,,
wu.multirate-ieee14-20261002t093927z-f585be-eedbb1,wu.multirate,ieee14,l1,,,bdd_detection_matched_pct,pmu_set=1 4 6 13;rating=+0.10;scada_set=1 2 3 4 5 6 7 8 9 10 11;scenario=0;se_mode=scan;window=56369;write_mode=full,35.0,,,
wu.multirate-ieee14-20261002t093927z-f585be-eedbb1,wu.multirate,ieee14,l1,,,bdd_detection_matched_pct,pmu_set=1 4 6 13;rating=+0.10;scada_set=1 2 3 4 5 6 9 10 11;scenario=0;se_mode=every;window=0;write_mode=scan,77.25,,,
wu.multirate-ieee14-20261002t093927z-f585be-eedbb1,wu.multirate,ieee14,l1,,,bdd_detection_matched_pct,pmu_set=1 4 6 13;rating=+0.10;scada_set=1 2 3 4 5 6 9 10 11;scenario=0;se_mode=every;window=56369;write_mode=scan,76.25,,,
wu.multirate-ieee14-20261002t093927z-f585be-eedbb1,wu.multirate,ieee14,l1,,,bdd_detection_matched_pct,pmu_set=1 4 6 13;rating=+0.10;scada_set=1 2 3 4 5 6 9 10 11;scenario=0;se_mode=scan;window=0;write_mode=scan,40.0,,,
wu.multirate-ieee14-20261002t093927z-f585be-eedbb1,wu.multirate,ieee14,l1,,,bdd_detection_matched_pct,pmu_set=1 4 6 13;rating=+0.10;scada_set=1 2 3 4 5 6 9 10 11;scenario=0;se_mode=scan;window=56369;write_mode=scan,40.0,,,
wu.multirate-ieee14-20261002t093927z-f585be-eedbb1,wu.multirate,ieee14,l1,,,bdd_detection_matched_pct,pmu_set=1 4 6 13;rating=+0.10;scada_set=1 2 4 5;scenario=1;se_mode=every;window=56369;write_mode=full,36.5,,,
wu.multirate-ieee14-20261002t093927z-f585be-eedbb1,wu.multirate,ieee14,l1,,,bdd_detection_matched_pct,pmu_set=1 4 6 13;rating=+0.10;scada_set=1 2 4 5;scenario=1;se_mode=scan;window=56369;write_mode=full,37.5,,,
wu.multirate-ieee14-20261002t093927z-f585be-eedbb1,wu.multirate,ieee14,l1,,,bdd_detection_matched_pct,pmu_set=1 4 6 13;rating=+0.10;scada_set=1 4 5;scenario=1;se_mode=every;window=56369;write_mode=scan,43.25,,,
wu.multirate-ieee14-20261002t093927z-f585be-eedbb1,wu.multirate,ieee14,l1,,,bdd_detection_matched_pct,pmu_set=1 4 6 13;rating=+0.10;scada_set=1 4 5;scenario=1;se_mode=scan;window=56369;write_mode=scan,37.5,,,
wu.multirate-ieee14-20261002t093927z-f585be-eedbb1,wu.multirate,ieee14,l1,,,bdd_detection_matched_pct,pmu_set=1 4;rating=+0.10;scada_set=1 2 4 5;scenario=1;se_mode=every;window=0;write_mode=full,38.0,,,
wu.multirate-ieee14-20261002t093927z-f585be-eedbb1,wu.multirate,ieee14,l1,,,bdd_detection_matched_pct,pmu_set=1 4;rating=+0.10;scada_set=1 2 4 5;scenario=1;se_mode=scan;window=0;write_mode=full,37.5,,,
wu.multirate-ieee14-20261002t093927z-f585be-eedbb1,wu.multirate,ieee14,l1,,,bdd_detection_matched_pct,pmu_set=1 4;rating=+0.10;scada_set=1 4 5;scenario=1;se_mode=every;window=0;write_mode=scan,48.75,,,
wu.multirate-ieee14-20261002t093927z-f585be-eedbb1,wu.multirate,ieee14,l1,,,bdd_detection_matched_pct,pmu_set=1 4;rating=+0.10;scada_set=1 4 5;scenario=1;se_mode=scan;window=0;write_mode=scan,37.5,,,
wu.multirate-ieee14-20261002t093927z-f585be-eedbb1,wu.multirate,ieee14,l1,,,bdd_detection_pct,pmu_set=1 4 6 13;rating=+0.10;scada_set=1 2 3 4 5 6 7 8 9 10 11;scenario=0;se_mode=every;window=0;write_mode=full,4.25,,,
wu.multirate-ieee14-20261002t093927z-f585be-eedbb1,wu.multirate,ieee14,l1,,,bdd_detection_pct,pmu_set=1 4 6 13;rating=+0.10;scada_set=1 2 3 4 5 6 7 8 9 10 11;scenario=0;se_mode=every;window=56369;write_mode=full,4.25,,,
wu.multirate-ieee14-20261002t093927z-f585be-eedbb1,wu.multirate,ieee14,l1,,,bdd_detection_pct,pmu_set=1 4 6 13;rating=+0.10;scada_set=1 2 3 4 5 6 7 8 9 10 11;scenario=0;se_mode=scan;window=0;write_mode=full,5.0,,,
wu.multirate-ieee14-20261002t093927z-f585be-eedbb1,wu.multirate,ieee14,l1,,,bdd_detection_pct,pmu_set=1 4 6 13;rating=+0.10;scada_set=1 2 3 4 5 6 7 8 9 10 11;scenario=0;se_mode=scan;window=56369;write_mode=full,5.0,,,
wu.multirate-ieee14-20261002t093927z-f585be-eedbb1,wu.multirate,ieee14,l1,,,bdd_detection_pct,pmu_set=1 4 6 13;rating=+0.10;scada_set=1 2 3 4 5 6 9 10 11;scenario=0;se_mode=every;window=0;write_mode=scan,59.5,,,
wu.multirate-ieee14-20261002t093927z-f585be-eedbb1,wu.multirate,ieee14,l1,,,bdd_detection_pct,pmu_set=1 4 6 13;rating=+0.10;scada_set=1 2 3 4 5 6 9 10 11;scenario=0;se_mode=every;window=56369;write_mode=scan,57.0,,,
wu.multirate-ieee14-20261002t093927z-f585be-eedbb1,wu.multirate,ieee14,l1,,,bdd_detection_pct,pmu_set=1 4 6 13;rating=+0.10;scada_set=1 2 3 4 5 6 9 10 11;scenario=0;se_mode=scan;window=0;write_mode=scan,7.5,,,
wu.multirate-ieee14-20261002t093927z-f585be-eedbb1,wu.multirate,ieee14,l1,,,bdd_detection_pct,pmu_set=1 4 6 13;rating=+0.10;scada_set=1 2 3 4 5 6 9 10 11;scenario=0;se_mode=scan;window=56369;write_mode=scan,7.5,,,
wu.multirate-ieee14-20261002t093927z-f585be-eedbb1,wu.multirate,ieee14,l1,,,bdd_detection_pct,pmu_set=1 4 6 13;rating=+0.10;scada_set=1 2 4 5;scenario=1;se_mode=every;window=56369;write_mode=full,4.25,,,
wu.multirate-ieee14-20261002t093927z-f585be-eedbb1,wu.multirate,ieee14,l1,,,bdd_detection_pct,pmu_set=1 4 6 13;rating=+0.10;scada_set=1 2 4 5;scenario=1;se_mode=scan;window=56369;write_mode=full,5.0,,,
wu.multirate-ieee14-20261002t093927z-f585be-eedbb1,wu.multirate,ieee14,l1,,,bdd_detection_pct,pmu_set=1 4 6 13;rating=+0.10;scada_set=1 4 5;scenario=1;se_mode=every;window=56369;write_mode=scan,9.5,,,
wu.multirate-ieee14-20261002t093927z-f585be-eedbb1,wu.multirate,ieee14,l1,,,bdd_detection_pct,pmu_set=1 4 6 13;rating=+0.10;scada_set=1 4 5;scenario=1;se_mode=scan;window=56369;write_mode=scan,7.5,,,
wu.multirate-ieee14-20261002t093927z-f585be-eedbb1,wu.multirate,ieee14,l1,,,bdd_detection_pct,pmu_set=1 4;rating=+0.10;scada_set=1 2 4 5;scenario=1;se_mode=every;window=0;write_mode=full,4.25,,,
wu.multirate-ieee14-20261002t093927z-f585be-eedbb1,wu.multirate,ieee14,l1,,,bdd_detection_pct,pmu_set=1 4;rating=+0.10;scada_set=1 2 4 5;scenario=1;se_mode=scan;window=0;write_mode=full,5.0,,,
wu.multirate-ieee14-20261002t093927z-f585be-eedbb1,wu.multirate,ieee14,l1,,,bdd_detection_pct,pmu_set=1 4;rating=+0.10;scada_set=1 4 5;scenario=1;se_mode=every;window=0;write_mode=scan,10.75,,,
wu.multirate-ieee14-20261002t093927z-f585be-eedbb1,wu.multirate,ieee14,l1,,,bdd_detection_pct,pmu_set=1 4;rating=+0.10;scada_set=1 4 5;scenario=1;se_mode=scan;window=0;write_mode=scan,7.5,,,
wu.multirate-ieee14-20261002t093927z-f585be-eedbb1,wu.multirate,ieee14,l1,,,bdd_false_alarm_pct,pmu_set=1 4 6 13;rating=+0.10;scada_set=1 2 3 4 5 6 7 8 9 10 11;scenario=0;se_mode=every;window=0;write_mode=full,4.25,,,
wu.multirate-ieee14-20261002t093927z-f585be-eedbb1,wu.multirate,ieee14,l1,,,bdd_false_alarm_pct,pmu_set=1 4 6 13;rating=+0.10;scada_set=1 2 3 4 5 6 7 8 9 10 11;scenario=0;se_mode=every;window=56369;write_mode=full,4.75,,,
wu.multirate-ieee14-20261002t093927z-f585be-eedbb1,wu.multirate,ieee14,l1,,,bdd_false_alarm_pct,pmu_set=1 4 6 13;rating=+0.10;scada_set=1 2 3 4 5 6 7 8 9 10 11;scenario=0;se_mode=scan;window=0;write_mode=full,5.0,,,
wu.multirate-ieee14-20261002t093927z-f585be-eedbb1,wu.multirate,ieee14,l1,,,bdd_false_alarm_pct,pmu_set=1 4 6 13;rating=+0.10;scada_set=1 2 3 4 5 6 7 8 9 10 11;scenario=0;se_mode=scan;window=56369;write_mode=full,5.0,,,
wu.multirate-ieee14-20261002t093927z-f585be-eedbb1,wu.multirate,ieee14,l1,,,bdd_false_alarm_pct,pmu_set=1 4 6 13;rating=+0.10;scada_set=1 2 3 4 5 6 9 10 11;scenario=0;se_mode=every;window=0;write_mode=scan,4.0,,,
wu.multirate-ieee14-20261002t093927z-f585be-eedbb1,wu.multirate,ieee14,l1,,,bdd_false_alarm_pct,pmu_set=1 4 6 13;rating=+0.10;scada_set=1 2 3 4 5 6 9 10 11;scenario=0;se_mode=every;window=56369;write_mode=scan,4.25,,,
wu.multirate-ieee14-20261002t093927z-f585be-eedbb1,wu.multirate,ieee14,l1,,,bdd_false_alarm_pct,pmu_set=1 4 6 13;rating=+0.10;scada_set=1 2 3 4 5 6 9 10 11;scenario=0;se_mode=scan;window=0;write_mode=scan,7.5,,,
wu.multirate-ieee14-20261002t093927z-f585be-eedbb1,wu.multirate,ieee14,l1,,,bdd_false_alarm_pct,pmu_set=1 4 6 13;rating=+0.10;scada_set=1 2 3 4 5 6 9 10 11;scenario=0;se_mode=scan;window=56369;write_mode=scan,7.5,,,
wu.multirate-ieee14-20261002t093927z-f585be-eedbb1,wu.multirate,ieee14,l1,,,bdd_false_alarm_pct,pmu_set=1 4 6 13;rating=+0.10;scada_set=1 2 4 5;scenario=1;se_mode=every;window=56369;write_mode=full,4.75,,,
wu.multirate-ieee14-20261002t093927z-f585be-eedbb1,wu.multirate,ieee14,l1,,,bdd_false_alarm_pct,pmu_set=1 4 6 13;rating=+0.10;scada_set=1 2 4 5;scenario=1;se_mode=scan;window=56369;write_mode=full,5.0,,,
wu.multirate-ieee14-20261002t093927z-f585be-eedbb1,wu.multirate,ieee14,l1,,,bdd_false_alarm_pct,pmu_set=1 4 6 13;rating=+0.10;scada_set=1 4 5;scenario=1;se_mode=every;window=56369;write_mode=scan,4.25,,,
wu.multirate-ieee14-20261002t093927z-f585be-eedbb1,wu.multirate,ieee14,l1,,,bdd_false_alarm_pct,pmu_set=1 4 6 13;rating=+0.10;scada_set=1 4 5;scenario=1;se_mode=scan;window=56369;write_mode=scan,7.5,,,
wu.multirate-ieee14-20261002t093927z-f585be-eedbb1,wu.multirate,ieee14,l1,,,bdd_false_alarm_pct,pmu_set=1 4;rating=+0.10;scada_set=1 2 4 5;scenario=1;se_mode=every;window=0;write_mode=full,4.25,,,
wu.multirate-ieee14-20261002t093927z-f585be-eedbb1,wu.multirate,ieee14,l1,,,bdd_false_alarm_pct,pmu_set=1 4;rating=+0.10;scada_set=1 2 4 5;scenario=1;se_mode=scan;window=0;write_mode=full,5.0,,,
wu.multirate-ieee14-20261002t093927z-f585be-eedbb1,wu.multirate,ieee14,l1,,,bdd_false_alarm_pct,pmu_set=1 4;rating=+0.10;scada_set=1 4 5;scenario=1;se_mode=every;window=0;write_mode=scan,4.0,,,
wu.multirate-ieee14-20261002t093927z-f585be-eedbb1,wu.multirate,ieee14,l1,,,bdd_false_alarm_pct,pmu_set=1 4;rating=+0.10;scada_set=1 4 5;scenario=1;se_mode=scan;window=0;write_mode=scan,7.5,,,
wu.multirate-ieee14-20261002t093927z-f585be-eedbb1,wu.multirate,ieee14,l1,,,channels,pmu_set=1 4 6 13;rating=+0.10;scada_set=1 2 3 4 5 6 7 8 9 10 11;scenario=0;se_mode=every;window=0;write_mode=full,46.0,,,
wu.multirate-ieee14-20261002t093927z-f585be-eedbb1,wu.multirate,ieee14,l1,,,channels,pmu_set=1 4 6 13;rating=+0.10;scada_set=1 2 3 4 5 6 7 8 9 10 11;scenario=0;se_mode=every;window=56369;write_mode=full,49.0,,,
wu.multirate-ieee14-20261002t093927z-f585be-eedbb1,wu.multirate,ieee14,l1,,,channels,pmu_set=1 4 6 13;rating=+0.10;scada_set=1 2 3 4 5 6 7 8 9 10 11;scenario=0;se_mode=scan;window=0;write_mode=full,46.0,,,
wu.multirate-ieee14-20261002t093927z-f585be-eedbb1,wu.multirate,ieee14,l1,,,channels,pmu_set=1 4 6 13;rating=+0.10;scada_set=1 2 3 4 5 6 7 8 9 10 11;scenario=0;se_mode=scan;window=56369;write_mode=full,49.0,,,
wu.multirate-ieee14-20261002t093927z-f585be-eedbb1,wu.multirate,ieee14,l1,,,channels,pmu_set=1 4 6 13;rating=+0.10;scada_set=1 2 3 4 5 6 9 10 11;scenario=0;se_mode=every;window=0;write_mode=scan,34.0,,,
wu.multirate-ieee14-20261002t093927z-f585be-eedbb1,wu.multirate,ieee14,l1,,,channels,pmu_set=1 4 6 13;rating=+0.10;scada_set=1 2 3 4 5 6 9 10 11;scenario=0;se_mode=every;window=56369;write_mode=scan,39.0,,,
wu.multirate-ieee14-20261002t093927z-f585be-eedbb1,wu.multirate,ieee14,l1,,,channels,pmu_set=1 4 6 13;rating=+0.10;scada_set=1 2 3 4 5 6 9 10 11;scenario=0;se_mode=scan;window=0;write_mode=scan,34.0,,,
wu.multirate-ieee14-20261002t093927z-f585be-eedbb1,wu.multirate,ieee14,l1,,,channels,pmu_set=1 4 6 13;rating=+0.10;scada_set=1 2 3 4 5 6 9 10 11;scenario=0;se_mode=scan;window=56369;write_mode=scan,39.0,,,
wu.multirate-ieee14-20261002t093927z-f585be-eedbb1,wu.multirate,ieee14,l1,,,channels,pmu_set=1 4 6 13;rating=+0.10;scada_set=1 2 4 5;scenario=1;se_mode=every;window=56369;write_mode=full,17.0,,,
wu.multirate-ieee14-20261002t093927z-f585be-eedbb1,wu.multirate,ieee14,l1,,,channels,pmu_set=1 4 6 13;rating=+0.10;scada_set=1 2 4 5;scenario=1;se_mode=scan;window=56369;write_mode=full,17.0,,,
wu.multirate-ieee14-20261002t093927z-f585be-eedbb1,wu.multirate,ieee14,l1,,,channels,pmu_set=1 4 6 13;rating=+0.10;scada_set=1 4 5;scenario=1;se_mode=every;window=56369;write_mode=scan,13.0,,,
wu.multirate-ieee14-20261002t093927z-f585be-eedbb1,wu.multirate,ieee14,l1,,,channels,pmu_set=1 4 6 13;rating=+0.10;scada_set=1 4 5;scenario=1;se_mode=scan;window=56369;write_mode=scan,13.0,,,
wu.multirate-ieee14-20261002t093927z-f585be-eedbb1,wu.multirate,ieee14,l1,,,channels,pmu_set=1 4;rating=+0.10;scada_set=1 2 4 5;scenario=1;se_mode=every;window=0;write_mode=full,15.0,,,
wu.multirate-ieee14-20261002t093927z-f585be-eedbb1,wu.multirate,ieee14,l1,,,channels,pmu_set=1 4;rating=+0.10;scada_set=1 2 4 5;scenario=1;se_mode=scan;window=0;write_mode=full,15.0,,,
wu.multirate-ieee14-20261002t093927z-f585be-eedbb1,wu.multirate,ieee14,l1,,,channels,pmu_set=1 4;rating=+0.10;scada_set=1 4 5;scenario=1;se_mode=every;window=0;write_mode=scan,11.0,,,
wu.multirate-ieee14-20261002t093927z-f585be-eedbb1,wu.multirate,ieee14,l1,,,channels,pmu_set=1 4;rating=+0.10;scada_set=1 4 5;scenario=1;se_mode=scan;window=0;write_mode=scan,11.0,,,
wu.multirate-ieee14-20261002t093927z-f585be-eedbb1,wu.multirate,ieee14,l1,,,devices,pmu_set=1 4 6 13;rating=+0.10;scada_set=1 2 3 4 5 6 7 8 9 10 11;scenario=0;se_mode=every;window=0;write_mode=full,15.0,,,
wu.multirate-ieee14-20261002t093927z-f585be-eedbb1,wu.multirate,ieee14,l1,,,devices,pmu_set=1 4 6 13;rating=+0.10;scada_set=1 2 3 4 5 6 7 8 9 10 11;scenario=0;se_mode=every;window=56369;write_mode=full,15.0,,,
wu.multirate-ieee14-20261002t093927z-f585be-eedbb1,wu.multirate,ieee14,l1,,,devices,pmu_set=1 4 6 13;rating=+0.10;scada_set=1 2 3 4 5 6 7 8 9 10 11;scenario=0;se_mode=scan;window=0;write_mode=full,15.0,,,
wu.multirate-ieee14-20261002t093927z-f585be-eedbb1,wu.multirate,ieee14,l1,,,devices,pmu_set=1 4 6 13;rating=+0.10;scada_set=1 2 3 4 5 6 7 8 9 10 11;scenario=0;se_mode=scan;window=56369;write_mode=full,15.0,,,
wu.multirate-ieee14-20261002t093927z-f585be-eedbb1,wu.multirate,ieee14,l1,,,devices,pmu_set=1 4 6 13;rating=+0.10;scada_set=1 2 3 4 5 6 9 10 11;scenario=0;se_mode=every;window=0;write_mode=scan,13.0,,,
wu.multirate-ieee14-20261002t093927z-f585be-eedbb1,wu.multirate,ieee14,l1,,,devices,pmu_set=1 4 6 13;rating=+0.10;scada_set=1 2 3 4 5 6 9 10 11;scenario=0;se_mode=every;window=56369;write_mode=scan,13.0,,,
wu.multirate-ieee14-20261002t093927z-f585be-eedbb1,wu.multirate,ieee14,l1,,,devices,pmu_set=1 4 6 13;rating=+0.10;scada_set=1 2 3 4 5 6 9 10 11;scenario=0;se_mode=scan;window=0;write_mode=scan,13.0,,,
wu.multirate-ieee14-20261002t093927z-f585be-eedbb1,wu.multirate,ieee14,l1,,,devices,pmu_set=1 4 6 13;rating=+0.10;scada_set=1 2 3 4 5 6 9 10 11;scenario=0;se_mode=scan;window=56369;write_mode=scan,13.0,,,
wu.multirate-ieee14-20261002t093927z-f585be-eedbb1,wu.multirate,ieee14,l1,,,devices,pmu_set=1 4 6 13;rating=+0.10;scada_set=1 2 4 5;scenario=1;se_mode=every;window=56369;write_mode=full,8.0,,,
wu.multirate-ieee14-20261002t093927z-f585be-eedbb1,wu.multirate,ieee14,l1,,,devices,pmu_set=1 4 6 13;rating=+0.10;scada_set=1 2 4 5;scenario=1;se_mode=scan;window=56369;write_mode=full,8.0,,,
wu.multirate-ieee14-20261002t093927z-f585be-eedbb1,wu.multirate,ieee14,l1,,,devices,pmu_set=1 4 6 13;rating=+0.10;scada_set=1 4 5;scenario=1;se_mode=every;window=56369;write_mode=scan,7.0,,,
wu.multirate-ieee14-20261002t093927z-f585be-eedbb1,wu.multirate,ieee14,l1,,,devices,pmu_set=1 4 6 13;rating=+0.10;scada_set=1 4 5;scenario=1;se_mode=scan;window=56369;write_mode=scan,7.0,,,
wu.multirate-ieee14-20261002t093927z-f585be-eedbb1,wu.multirate,ieee14,l1,,,devices,pmu_set=1 4;rating=+0.10;scada_set=1 2 4 5;scenario=1;se_mode=every;window=0;write_mode=full,6.0,,,
wu.multirate-ieee14-20261002t093927z-f585be-eedbb1,wu.multirate,ieee14,l1,,,devices,pmu_set=1 4;rating=+0.10;scada_set=1 2 4 5;scenario=1;se_mode=scan;window=0;write_mode=full,6.0,,,
wu.multirate-ieee14-20261002t093927z-f585be-eedbb1,wu.multirate,ieee14,l1,,,devices,pmu_set=1 4;rating=+0.10;scada_set=1 4 5;scenario=1;se_mode=every;window=0;write_mode=scan,5.0,,,
wu.multirate-ieee14-20261002t093927z-f585be-eedbb1,wu.multirate,ieee14,l1,,,devices,pmu_set=1 4;rating=+0.10;scada_set=1 4 5;scenario=1;se_mode=scan;window=0;write_mode=scan,5.0,,,
wu.multirate-ieee14-20261002t093927z-f585be-eedbb1,wu.multirate,ieee14,l1,,,jaccard_pmu,pmu_set=1 4 6 13;rating=+0.10;scada_set=1 2 3 4 5 6 7 8 9 10 11;scenario=0;se_mode=every;window=0;write_mode=full,0.5,,,
wu.multirate-ieee14-20261002t093927z-f585be-eedbb1,wu.multirate,ieee14,l1,,,jaccard_pmu,pmu_set=1 4 6 13;rating=+0.10;scada_set=1 2 3 4 5 6 7 8 9 10 11;scenario=0;se_mode=every;window=56369;write_mode=full,0.5,,,
wu.multirate-ieee14-20261002t093927z-f585be-eedbb1,wu.multirate,ieee14,l1,,,jaccard_pmu,pmu_set=1 4 6 13;rating=+0.10;scada_set=1 2 3 4 5 6 7 8 9 10 11;scenario=0;se_mode=scan;window=0;write_mode=full,0.5,,,
wu.multirate-ieee14-20261002t093927z-f585be-eedbb1,wu.multirate,ieee14,l1,,,jaccard_pmu,pmu_set=1 4 6 13;rating=+0.10;scada_set=1 2 3 4 5 6 7 8 9 10 11;scenario=0;se_mode=scan;window=56369;write_mode=full,0.5,,,
wu.multirate-ieee14-20261002t093927z-f585be-eedbb1,wu.multirate,ieee14,l1,,,jaccard_pmu,pmu_set=1 4 6 13;rating=+0.10;scada_set=1 2 3 4 5 6 9 10 11;scenario=0;se_mode=every;window=0;write_mode=scan,0.5,,,
wu.multirate-ieee14-20261002t093927z-f585be-eedbb1,wu.multirate,ieee14,l1,,,jaccard_pmu,pmu_set=1 4 6 13;rating=+0.10;scada_set=1 2 3 4 5 6 9 10 11;scenario=0;se_mode=every;window=56369;write_mode=scan,0.5,,,
wu.multirate-ieee14-20261002t093927z-f585be-eedbb1,wu.multirate,ieee14,l1,,,jaccard_pmu,pmu_set=1 4 6 13;rating=+0.10;scada_set=1 2 3 4 5 6 9 10 11;scenario=0;se_mode=scan;window=0;write_mode=scan,0.5,,,
wu.multirate-ieee14-20261002t093927z-f585be-eedbb1,wu.multirate,ieee14,l1,,,jaccard_pmu,pmu_set=1 4 6 13;rating=+0.10;scada_set=1 2 3 4 5 6 9 10 11;scenario=0;se_mode=scan;window=56369;write_mode=scan,0.5,,,
wu.multirate-ieee14-20261002t093927z-f585be-eedbb1,wu.multirate,ieee14,l1,,,jaccard_pmu,pmu_set=1 4 6 13;rating=+0.10;scada_set=1 2 4 5;scenario=1;se_mode=every;window=56369;write_mode=full,0.75,,,
wu.multirate-ieee14-20261002t093927z-f585be-eedbb1,wu.multirate,ieee14,l1,,,jaccard_pmu,pmu_set=1 4 6 13;rating=+0.10;scada_set=1 2 4 5;scenario=1;se_mode=scan;window=56369;write_mode=full,0.75,,,
wu.multirate-ieee14-20261002t093927z-f585be-eedbb1,wu.multirate,ieee14,l1,,,jaccard_pmu,pmu_set=1 4 6 13;rating=+0.10;scada_set=1 4 5;scenario=1;se_mode=every;window=56369;write_mode=scan,0.75,,,
wu.multirate-ieee14-20261002t093927z-f585be-eedbb1,wu.multirate,ieee14,l1,,,jaccard_pmu,pmu_set=1 4 6 13;rating=+0.10;scada_set=1 4 5;scenario=1;se_mode=scan;window=56369;write_mode=scan,0.75,,,
wu.multirate-ieee14-20261002t093927z-f585be-eedbb1,wu.multirate,ieee14,l1,,,jaccard_pmu,pmu_set=1 4;rating=+0.10;scada_set=1 2 4 5;scenario=1;se_mode=every;window=0;write_mode=full,0.667,,,
wu.multirate-ieee14-20261002t093927z-f585be-eedbb1,wu.multirate,ieee14,l1,,,jaccard_pmu,pmu_set=1 4;rating=+0.10;scada_set=1 2 4 5;scenario=1;se_mode=scan;window=0;write_mode=full,0.667,,,
wu.multirate-ieee14-20261002t093927z-f585be-eedbb1,wu.multirate,ieee14,l1,,,jaccard_pmu,pmu_set=1 4;rating=+0.10;scada_set=1 4 5;scenario=1;se_mode=every;window=0;write_mode=scan,0.667,,,
wu.multirate-ieee14-20261002t093927z-f585be-eedbb1,wu.multirate,ieee14,l1,,,jaccard_pmu,pmu_set=1 4;rating=+0.10;scada_set=1 4 5;scenario=1;se_mode=scan;window=0;write_mode=scan,0.667,,,
wu.multirate-ieee14-20261002t093927z-f585be-eedbb1,wu.multirate,ieee14,l1,,,jaccard_scada,pmu_set=1 4 6 13;rating=+0.10;scada_set=1 2 3 4 5 6 7 8 9 10 11;scenario=0;se_mode=every;window=0;write_mode=full,0.455,,,
wu.multirate-ieee14-20261002t093927z-f585be-eedbb1,wu.multirate,ieee14,l1,,,jaccard_scada,pmu_set=1 4 6 13;rating=+0.10;scada_set=1 2 3 4 5 6 7 8 9 10 11;scenario=0;se_mode=every;window=56369;write_mode=full,0.455,,,
wu.multirate-ieee14-20261002t093927z-f585be-eedbb1,wu.multirate,ieee14,l1,,,jaccard_scada,pmu_set=1 4 6 13;rating=+0.10;scada_set=1 2 3 4 5 6 7 8 9 10 11;scenario=0;se_mode=scan;window=0;write_mode=full,0.455,,,
wu.multirate-ieee14-20261002t093927z-f585be-eedbb1,wu.multirate,ieee14,l1,,,jaccard_scada,pmu_set=1 4 6 13;rating=+0.10;scada_set=1 2 3 4 5 6 7 8 9 10 11;scenario=0;se_mode=scan;window=56369;write_mode=full,0.455,,,
wu.multirate-ieee14-20261002t093927z-f585be-eedbb1,wu.multirate,ieee14,l1,,,jaccard_scada,pmu_set=1 4 6 13;rating=+0.10;scada_set=1 2 3 4 5 6 9 10 11;scenario=0;se_mode=every;window=0;write_mode=scan,0.556,,,
wu.multirate-ieee14-20261002t093927z-f585be-eedbb1,wu.multirate,ieee14,l1,,,jaccard_scada,pmu_set=1 4 6 13;rating=+0.10;scada_set=1 2 3 4 5 6 9 10 11;scenario=0;se_mode=every;window=56369;write_mode=scan,0.556,,,
wu.multirate-ieee14-20261002t093927z-f585be-eedbb1,wu.multirate,ieee14,l1,,,jaccard_scada,pmu_set=1 4 6 13;rating=+0.10;scada_set=1 2 3 4 5 6 9 10 11;scenario=0;se_mode=scan;window=0;write_mode=scan,0.556,,,
wu.multirate-ieee14-20261002t093927z-f585be-eedbb1,wu.multirate,ieee14,l1,,,jaccard_scada,pmu_set=1 4 6 13;rating=+0.10;scada_set=1 2 3 4 5 6 9 10 11;scenario=0;se_mode=scan;window=56369;write_mode=scan,0.556,,,
wu.multirate-ieee14-20261002t093927z-f585be-eedbb1,wu.multirate,ieee14,l1,,,jaccard_scada,pmu_set=1 4 6 13;rating=+0.10;scada_set=1 2 4 5;scenario=1;se_mode=every;window=56369;write_mode=full,0.667,,,
wu.multirate-ieee14-20261002t093927z-f585be-eedbb1,wu.multirate,ieee14,l1,,,jaccard_scada,pmu_set=1 4 6 13;rating=+0.10;scada_set=1 2 4 5;scenario=1;se_mode=scan;window=56369;write_mode=full,0.667,,,
wu.multirate-ieee14-20261002t093927z-f585be-eedbb1,wu.multirate,ieee14,l1,,,jaccard_scada,pmu_set=1 4 6 13;rating=+0.10;scada_set=1 4 5;scenario=1;se_mode=every;window=56369;write_mode=scan,0.5,,,
wu.multirate-ieee14-20261002t093927z-f585be-eedbb1,wu.multirate,ieee14,l1,,,jaccard_scada,pmu_set=1 4 6 13;rating=+0.10;scada_set=1 4 5;scenario=1;se_mode=scan;window=56369;write_mode=scan,0.5,,,
wu.multirate-ieee14-20261002t093927z-f585be-eedbb1,wu.multirate,ieee14,l1,,,jaccard_scada,pmu_set=1 4;rating=+0.10;scada_set=1 2 4 5;scenario=1;se_mode=every;window=0;write_mode=full,0.667,,,
wu.multirate-ieee14-20261002t093927z-f585be-eedbb1,wu.multirate,ieee14,l1,,,jaccard_scada,pmu_set=1 4;rating=+0.10;scada_set=1 2 4 5;scenario=1;se_mode=scan;window=0;write_mode=full,0.667,,,
wu.multirate-ieee14-20261002t093927z-f585be-eedbb1,wu.multirate,ieee14,l1,,,jaccard_scada,pmu_set=1 4;rating=+0.10;scada_set=1 4 5;scenario=1;se_mode=every;window=0;write_mode=scan,0.5,,,
wu.multirate-ieee14-20261002t093927z-f585be-eedbb1,wu.multirate,ieee14,l1,,,jaccard_scada,pmu_set=1 4;rating=+0.10;scada_set=1 4 5;scenario=1;se_mode=scan;window=0;write_mode=scan,0.5,,,
wu.multirate-ieee14-20261002t093927z-f585be-eedbb1,wu.multirate,ieee14,l1,,,max_change_pu,pmu_set=1 4 6 13;rating=+0.10;scada_set=1 2 3 4 5 6 7 8 9 10 11;scenario=0;se_mode=every;window=0;write_mode=full,0.3505,,,
wu.multirate-ieee14-20261002t093927z-f585be-eedbb1,wu.multirate,ieee14,l1,,,max_change_pu,pmu_set=1 4 6 13;rating=+0.10;scada_set=1 2 3 4 5 6 7 8 9 10 11;scenario=0;se_mode=every;window=56369;write_mode=full,0.3564,,,
wu.multirate-ieee14-20261002t093927z-f585be-eedbb1,wu.multirate,ieee14,l1,,,max_change_pu,pmu_set=1 4 6 13;rating=+0.10;scada_set=1 2 3 4 5 6 7 8 9 10 11;scenario=0;se_mode=scan;window=0;write_mode=full,0.3505,,,
wu.multirate-ieee14-20261002t093927z-f585be-eedbb1,wu.multirate,ieee14,l1,,,max_change_pu,pmu_set=1 4 6 13;rating=+0.10;scada_set=1 2 3 4 5 6 7 8 9 10 11;scenario=0;se_mode=scan;window=56369;write_mode=full,0.3564,,,
wu.multirate-ieee14-20261002t093927z-f585be-eedbb1,wu.multirate,ieee14,l1,,,max_change_pu,pmu_set=1 4 6 13;rating=+0.10;scada_set=1 2 3 4 5 6 9 10 11;scenario=0;se_mode=every;window=0;write_mode=scan,0.273,,,
wu.multirate-ieee14-20261002t093927z-f585be-eedbb1,wu.multirate,ieee14,l1,,,max_change_pu,pmu_set=1 4 6 13;rating=+0.10;scada_set=1 2 3 4 5 6 9 10 11;scenario=0;se_mode=every;window=56369;write_mode=scan,0.2229,,,
wu.multirate-ieee14-20261002t093927z-f585be-eedbb1,wu.multirate,ieee14,l1,,,max_change_pu,pmu_set=1 4 6 13;rating=+0.10;scada_set=1 2 3 4 5 6 9 10 11;scenario=0;se_mode=scan;window=0;write_mode=scan,0.273,,,
wu.multirate-ieee14-20261002t093927z-f585be-eedbb1,wu.multirate,ieee14,l1,,,max_change_pu,pmu_set=1 4 6 13;rating=+0.10;scada_set=1 2 3 4 5 6 9 10 11;scenario=0;se_mode=scan;window=56369;write_mode=scan,0.2229,,,
wu.multirate-ieee14-20261002t093927z-f585be-eedbb1,wu.multirate,ieee14,l1,,,max_change_pu,pmu_set=1 4 6 13;rating=+0.10;scada_set=1 2 4 5;scenario=1;se_mode=every;window=56369;write_mode=full,0.1744,,,
wu.multirate-ieee14-20261002t093927z-f585be-eedbb1,wu.multirate,ieee14,l1,,,max_change_pu,pmu_set=1 4 6 13;rating=+0.10;scada_set=1 2 4 5;scenario=1;se_mode=scan;window=56369;write_mode=full,0.1744,,,
wu.multirate-ieee14-20261002t093927z-f585be-eedbb1,wu.multirate,ieee14,l1,,,max_change_pu,pmu_set=1 4 6 13;rating=+0.10;scada_set=1 4 5;scenario=1;se_mode=every;window=56369;write_mode=scan,0.0995,,,
wu.multirate-ieee14-20261002t093927z-f585be-eedbb1,wu.multirate,ieee14,l1,,,max_change_pu,pmu_set=1 4 6 13;rating=+0.10;scada_set=1 4 5;scenario=1;se_mode=scan;window=56369;write_mode=scan,0.0995,,,
wu.multirate-ieee14-20261002t093927z-f585be-eedbb1,wu.multirate,ieee14,l1,,,max_change_pu,pmu_set=1 4;rating=+0.10;scada_set=1 2 4 5;scenario=1;se_mode=every;window=0;write_mode=full,0.1761,,,
wu.multirate-ieee14-20261002t093927z-f585be-eedbb1,wu.multirate,ieee14,l1,,,max_change_pu,pmu_set=1 4;rating=+0.10;scada_set=1 2 4 5;scenario=1;se_mode=scan;window=0;write_mode=full,0.1761,,,
wu.multirate-ieee14-20261002t093927z-f585be-eedbb1,wu.multirate,ieee14,l1,,,max_change_pu,pmu_set=1 4;rating=+0.10;scada_set=1 4 5;scenario=1;se_mode=every;window=0;write_mode=scan,0.0995,,,
wu.multirate-ieee14-20261002t093927z-f585be-eedbb1,wu.multirate,ieee14,l1,,,max_change_pu,pmu_set=1 4;rating=+0.10;scada_set=1 4 5;scenario=1;se_mode=scan;window=0;write_mode=scan,0.0995,,,
wu.multirate-ieee14-20261002t093927z-f585be-eedbb1,wu.multirate,ieee14,l1,,,pmu_devices,pmu_set=1 4 6 13;rating=+0.10;scada_set=1 2 3 4 5 6 7 8 9 10 11;scenario=0;se_mode=every;window=0;write_mode=full,4.0,,,
wu.multirate-ieee14-20261002t093927z-f585be-eedbb1,wu.multirate,ieee14,l1,,,pmu_devices,pmu_set=1 4 6 13;rating=+0.10;scada_set=1 2 3 4 5 6 7 8 9 10 11;scenario=0;se_mode=every;window=56369;write_mode=full,4.0,,,
wu.multirate-ieee14-20261002t093927z-f585be-eedbb1,wu.multirate,ieee14,l1,,,pmu_devices,pmu_set=1 4 6 13;rating=+0.10;scada_set=1 2 3 4 5 6 7 8 9 10 11;scenario=0;se_mode=scan;window=0;write_mode=full,4.0,,,
wu.multirate-ieee14-20261002t093927z-f585be-eedbb1,wu.multirate,ieee14,l1,,,pmu_devices,pmu_set=1 4 6 13;rating=+0.10;scada_set=1 2 3 4 5 6 7 8 9 10 11;scenario=0;se_mode=scan;window=56369;write_mode=full,4.0,,,
wu.multirate-ieee14-20261002t093927z-f585be-eedbb1,wu.multirate,ieee14,l1,,,pmu_devices,pmu_set=1 4 6 13;rating=+0.10;scada_set=1 2 3 4 5 6 9 10 11;scenario=0;se_mode=every;window=0;write_mode=scan,4.0,,,
wu.multirate-ieee14-20261002t093927z-f585be-eedbb1,wu.multirate,ieee14,l1,,,pmu_devices,pmu_set=1 4 6 13;rating=+0.10;scada_set=1 2 3 4 5 6 9 10 11;scenario=0;se_mode=every;window=56369;write_mode=scan,4.0,,,
wu.multirate-ieee14-20261002t093927z-f585be-eedbb1,wu.multirate,ieee14,l1,,,pmu_devices,pmu_set=1 4 6 13;rating=+0.10;scada_set=1 2 3 4 5 6 9 10 11;scenario=0;se_mode=scan;window=0;write_mode=scan,4.0,,,
wu.multirate-ieee14-20261002t093927z-f585be-eedbb1,wu.multirate,ieee14,l1,,,pmu_devices,pmu_set=1 4 6 13;rating=+0.10;scada_set=1 2 3 4 5 6 9 10 11;scenario=0;se_mode=scan;window=56369;write_mode=scan,4.0,,,
wu.multirate-ieee14-20261002t093927z-f585be-eedbb1,wu.multirate,ieee14,l1,,,pmu_devices,pmu_set=1 4 6 13;rating=+0.10;scada_set=1 2 4 5;scenario=1;se_mode=every;window=56369;write_mode=full,4.0,,,
wu.multirate-ieee14-20261002t093927z-f585be-eedbb1,wu.multirate,ieee14,l1,,,pmu_devices,pmu_set=1 4 6 13;rating=+0.10;scada_set=1 2 4 5;scenario=1;se_mode=scan;window=56369;write_mode=full,4.0,,,
wu.multirate-ieee14-20261002t093927z-f585be-eedbb1,wu.multirate,ieee14,l1,,,pmu_devices,pmu_set=1 4 6 13;rating=+0.10;scada_set=1 4 5;scenario=1;se_mode=every;window=56369;write_mode=scan,4.0,,,
wu.multirate-ieee14-20261002t093927z-f585be-eedbb1,wu.multirate,ieee14,l1,,,pmu_devices,pmu_set=1 4 6 13;rating=+0.10;scada_set=1 4 5;scenario=1;se_mode=scan;window=56369;write_mode=scan,4.0,,,
wu.multirate-ieee14-20261002t093927z-f585be-eedbb1,wu.multirate,ieee14,l1,,,pmu_devices,pmu_set=1 4;rating=+0.10;scada_set=1 2 4 5;scenario=1;se_mode=every;window=0;write_mode=full,2.0,,,
wu.multirate-ieee14-20261002t093927z-f585be-eedbb1,wu.multirate,ieee14,l1,,,pmu_devices,pmu_set=1 4;rating=+0.10;scada_set=1 2 4 5;scenario=1;se_mode=scan;window=0;write_mode=full,2.0,,,
wu.multirate-ieee14-20261002t093927z-f585be-eedbb1,wu.multirate,ieee14,l1,,,pmu_devices,pmu_set=1 4;rating=+0.10;scada_set=1 4 5;scenario=1;se_mode=every;window=0;write_mode=scan,2.0,,,
wu.multirate-ieee14-20261002t093927z-f585be-eedbb1,wu.multirate,ieee14,l1,,,pmu_devices,pmu_set=1 4;rating=+0.10;scada_set=1 4 5;scenario=1;se_mode=scan;window=0;write_mode=scan,2.0,,,
wu.multirate-ieee14-20261002t093927z-f585be-eedbb1,wu.multirate,ieee14,l1,,,seconds,pmu_set=1 4 6 13;rating=+0.10;scada_set=1 2 3 4 5 6 7 8 9 10 11;scenario=0;se_mode=every;window=0;write_mode=full,16.5,,,
wu.multirate-ieee14-20261002t093927z-f585be-eedbb1,wu.multirate,ieee14,l1,,,seconds,pmu_set=1 4 6 13;rating=+0.10;scada_set=1 2 3 4 5 6 7 8 9 10 11;scenario=0;se_mode=every;window=56369;write_mode=full,19.9,,,
wu.multirate-ieee14-20261002t093927z-f585be-eedbb1,wu.multirate,ieee14,l1,,,seconds,pmu_set=1 4 6 13;rating=+0.10;scada_set=1 2 3 4 5 6 7 8 9 10 11;scenario=0;se_mode=scan;window=0;write_mode=full,16.5,,,
wu.multirate-ieee14-20261002t093927z-f585be-eedbb1,wu.multirate,ieee14,l1,,,seconds,pmu_set=1 4 6 13;rating=+0.10;scada_set=1 2 3 4 5 6 7 8 9 10 11;scenario=0;se_mode=scan;window=56369;write_mode=full,19.9,,,
wu.multirate-ieee14-20261002t093927z-f585be-eedbb1,wu.multirate,ieee14,l1,,,seconds,pmu_set=1 4 6 13;rating=+0.10;scada_set=1 2 3 4 5 6 9 10 11;scenario=0;se_mode=every;window=0;write_mode=scan,16.5,,,
wu.multirate-ieee14-20261002t093927z-f585be-eedbb1,wu.multirate,ieee14,l1,,,seconds,pmu_set=1 4 6 13;rating=+0.10;scada_set=1 2 3 4 5 6 9 10 11;scenario=0;se_mode=every;window=56369;write_mode=scan,19.9,,,
wu.multirate-ieee14-20261002t093927z-f585be-eedbb1,wu.multirate,ieee14,l1,,,seconds,pmu_set=1 4 6 13;rating=+0.10;scada_set=1 2 3 4 5 6 9 10 11;scenario=0;se_mode=scan;window=0;write_mode=scan,16.5,,,
wu.multirate-ieee14-20261002t093927z-f585be-eedbb1,wu.multirate,ieee14,l1,,,seconds,pmu_set=1 4 6 13;rating=+0.10;scada_set=1 2 3 4 5 6 9 10 11;scenario=0;se_mode=scan;window=56369;write_mode=scan,19.9,,,
wu.multirate-ieee14-20261002t093927z-f585be-eedbb1,wu.multirate,ieee14,l1,,,seconds,pmu_set=1 4 6 13;rating=+0.10;scada_set=1 2 4 5;scenario=1;se_mode=every;window=56369;write_mode=full,10.4,,,
wu.multirate-ieee14-20261002t093927z-f585be-eedbb1,wu.multirate,ieee14,l1,,,seconds,pmu_set=1 4 6 13;rating=+0.10;scada_set=1 2 4 5;scenario=1;se_mode=scan;window=56369;write_mode=full,10.4,,,
wu.multirate-ieee14-20261002t093927z-f585be-eedbb1,wu.multirate,ieee14,l1,,,seconds,pmu_set=1 4 6 13;rating=+0.10;scada_set=1 4 5;scenario=1;se_mode=every;window=56369;write_mode=scan,10.4,,,
wu.multirate-ieee14-20261002t093927z-f585be-eedbb1,wu.multirate,ieee14,l1,,,seconds,pmu_set=1 4 6 13;rating=+0.10;scada_set=1 4 5;scenario=1;se_mode=scan;window=56369;write_mode=scan,10.4,,,
wu.multirate-ieee14-20261002t093927z-f585be-eedbb1,wu.multirate,ieee14,l1,,,seconds,pmu_set=1 4;rating=+0.10;scada_set=1 2 4 5;scenario=1;se_mode=every;window=0;write_mode=full,11.5,,,
wu.multirate-ieee14-20261002t093927z-f585be-eedbb1,wu.multirate,ieee14,l1,,,seconds,pmu_set=1 4;rating=+0.10;scada_set=1 2 4 5;scenario=1;se_mode=scan;window=0;write_mode=full,11.5,,,
wu.multirate-ieee14-20261002t093927z-f585be-eedbb1,wu.multirate,ieee14,l1,,,seconds,pmu_set=1 4;rating=+0.10;scada_set=1 4 5;scenario=1;se_mode=every;window=0;write_mode=scan,11.5,,,
wu.multirate-ieee14-20261002t093927z-f585be-eedbb1,wu.multirate,ieee14,l1,,,seconds,pmu_set=1 4;rating=+0.10;scada_set=1 4 5;scenario=1;se_mode=scan;window=0;write_mode=scan,11.5,,,
wu.multirate-ieee14-20261002t093927z-f585be-eedbb1,wu.multirate,ieee14,search,,,bdd_detection_matched_pct,pmu_set=1 4 6;rating=+0.10;scada_set=1 2 3 4 5 6 7 9 10 11 14;scenario=0;se_mode=every;window=56369;write_mode=full,36.0,,,
wu.multirate-ieee14-20261002t093927z-f585be-eedbb1,wu.multirate,ieee14,search,,,bdd_detection_matched_pct,pmu_set=1 4 6;rating=+0.10;scada_set=1 2 3 4 5 6 7 9 10 11 14;scenario=0;se_mode=scan;window=56369;write_mode=full,37.5,,,
wu.multirate-ieee14-20261002t093927z-f585be-eedbb1,wu.multirate,ieee14,search,,,bdd_detection_matched_pct,pmu_set=1 4 6;rating=+0.10;scada_set=1 2 3 4 5 6 7 9 10 11;scenario=0;se_mode=every;window=56369;write_mode=scan,87.0,,,
wu.multirate-ieee14-20261002t093927z-f585be-eedbb1,wu.multirate,ieee14,search,,,bdd_detection_matched_pct,pmu_set=1 4 6;rating=+0.10;scada_set=1 2 3 4 5 6 7 9 10 11;scenario=0;se_mode=scan;window=56369;write_mode=scan,37.5,,,
wu.multirate-ieee14-20261002t093927z-f585be-eedbb1,wu.multirate,ieee14,search,,,bdd_detection_matched_pct,pmu_set=1 4 6;rating=+0.10;scada_set=1 2 3 4 5;scenario=1;se_mode=every;window=0;write_mode=full,38.0,,,
wu.multirate-ieee14-20261002t093927z-f585be-eedbb1,wu.multirate,ieee14,search,,,bdd_detection_matched_pct,pmu_set=1 4 6;rating=+0.10;scada_set=1 2 3 4 5;scenario=1;se_mode=every;window=56369;write_mode=full,36.0,,,
wu.multirate-ieee14-20261002t093927z-f585be-eedbb1,wu.multirate,ieee14,search,,,bdd_detection_matched_pct,pmu_set=1 4 6;rating=+0.10;scada_set=1 2 3 4 5;scenario=1;se_mode=scan;window=0;write_mode=full,37.5,,,
wu.multirate-ieee14-20261002t093927z-f585be-eedbb1,wu.multirate,ieee14,search,,,bdd_detection_matched_pct,pmu_set=1 4 6;rating=+0.10;scada_set=1 2 3 4 5;scenario=1;se_mode=scan;window=56369;write_mode=full,37.5,,,
wu.multirate-ieee14-20261002t093927z-f585be-eedbb1,wu.multirate,ieee14,search,,,bdd_detection_matched_pct,pmu_set=1 4 6;rating=+0.10;scada_set=1 2 4 5;scenario=1;se_mode=every;window=0;write_mode=scan,59.0,,,
wu.multirate-ieee14-20261002t093927z-f585be-eedbb1,wu.multirate,ieee14,search,,,bdd_detection_matched_pct,pmu_set=1 4 6;rating=+0.10;scada_set=1 2 4 5;scenario=1;se_mode=every;window=56369;write_mode=scan,63.25,,,
wu.multirate-ieee14-20261002t093927z-f585be-eedbb1,wu.multirate,ieee14,search,,,bdd_detection_matched_pct,pmu_set=1 4 6;rating=+0.10;scada_set=1 2 4 5;scenario=1;se_mode=scan;window=0;write_mode=scan,37.5,,,
wu.multirate-ieee14-20261002t093927z-f585be-eedbb1,wu.multirate,ieee14,search,,,bdd_detection_matched_pct,pmu_set=1 4 6;rating=+0.10;scada_set=1 2 4 5;scenario=1;se_mode=scan;window=56369;write_mode=scan,37.5,,,
wu.multirate-ieee14-20261002t093927z-f585be-eedbb1,wu.multirate,ieee14,search,,,bdd_detection_pct,pmu_set=1 4 6;rating=+0.10;scada_set=1 2 3 4 5 6 7 9 10 11 14;scenario=0;se_mode=every;window=56369;write_mode=full,4.25,,,
wu.multirate-ieee14-20261002t093927z-f585be-eedbb1,wu.multirate,ieee14,search,,,bdd_detection_pct,pmu_set=1 4 6;rating=+0.10;scada_set=1 2 3 4 5 6 7 9 10 11 14;scenario=0;se_mode=scan;window=56369;write_mode=full,5.0,,,
wu.multirate-ieee14-20261002t093927z-f585be-eedbb1,wu.multirate,ieee14,search,,,bdd_detection_pct,pmu_set=1 4 6;rating=+0.10;scada_set=1 2 3 4 5 6 7 9 10 11;scenario=0;se_mode=every;window=56369;write_mode=scan,77.75,,,
wu.multirate-ieee14-20261002t093927z-f585be-eedbb1,wu.multirate,ieee14,search,,,bdd_detection_pct,pmu_set=1 4 6;rating=+0.10;scada_set=1 2 3 4 5 6 7 9 10 11;scenario=0;se_mode=scan;window=56369;write_mode=scan,7.5,,,
wu.multirate-ieee14-20261002t093927z-f585be-eedbb1,wu.multirate,ieee14,search,,,bdd_detection_pct,pmu_set=1 4 6;rating=+0.10;scada_set=1 2 3 4 5;scenario=1;se_mode=every;window=0;write_mode=full,4.25,,,
wu.multirate-ieee14-20261002t093927z-f585be-eedbb1,wu.multirate,ieee14,search,,,bdd_detection_pct,pmu_set=1 4 6;rating=+0.10;scada_set=1 2 3 4 5;scenario=1;se_mode=every;window=56369;write_mode=full,4.25,,,
wu.multirate-ieee14-20261002t093927z-f585be-eedbb1,wu.multirate,ieee14,search,,,bdd_detection_pct,pmu_set=1 4 6;rating=+0.10;scada_set=1 2 3 4 5;scenario=1;se_mode=scan;window=0;write_mode=full,5.0,,,
wu.multirate-ieee14-20261002t093927z-f585be-eedbb1,wu.multirate,ieee14,search,,,bdd_detection_pct,pmu_set=1 4 6;rating=+0.10;scada_set=1 2 3 4 5;scenario=1;se_mode=scan;window=56369;write_mode=full,5.0,,,
wu.multirate-ieee14-20261002t093927z-f585be-eedbb1,wu.multirate,ieee14,search,,,bdd_detection_pct,pmu_set=1 4 6;rating=+0.10;scada_set=1 2 4 5;scenario=1;se_mode=every;window=0;write_mode=scan,18.25,,,
wu.multirate-ieee14-20261002t093927z-f585be-eedbb1,wu.multirate,ieee14,search,,,bdd_detection_pct,pmu_set=1 4 6;rating=+0.10;scada_set=1 2 4 5;scenario=1;se_mode=every;window=56369;write_mode=scan,29.5,,,
wu.multirate-ieee14-20261002t093927z-f585be-eedbb1,wu.multirate,ieee14,search,,,bdd_detection_pct,pmu_set=1 4 6;rating=+0.10;scada_set=1 2 4 5;scenario=1;se_mode=scan;window=0;write_mode=scan,7.5,,,
wu.multirate-ieee14-20261002t093927z-f585be-eedbb1,wu.multirate,ieee14,search,,,bdd_detection_pct,pmu_set=1 4 6;rating=+0.10;scada_set=1 2 4 5;scenario=1;se_mode=scan;window=56369;write_mode=scan,7.5,,,
wu.multirate-ieee14-20261002t093927z-f585be-eedbb1,wu.multirate,ieee14,search,,,bdd_false_alarm_pct,pmu_set=1 4 6;rating=+0.10;scada_set=1 2 3 4 5 6 7 9 10 11 14;scenario=0;se_mode=every;window=56369;write_mode=full,4.75,,,
wu.multirate-ieee14-20261002t093927z-f585be-eedbb1,wu.multirate,ieee14,search,,,bdd_false_alarm_pct,pmu_set=1 4 6;rating=+0.10;scada_set=1 2 3 4 5 6 7 9 10 11 14;scenario=0;se_mode=scan;window=56369;write_mode=full,5.0,,,
wu.multirate-ieee14-20261002t093927z-f585be-eedbb1,wu.multirate,ieee14,search,,,bdd_false_alarm_pct,pmu_set=1 4 6;rating=+0.10;scada_set=1 2 3 4 5 6 7 9 10 11;scenario=0;se_mode=every;window=56369;write_mode=scan,4.25,,,
wu.multirate-ieee14-20261002t093927z-f585be-eedbb1,wu.multirate,ieee14,search,,,bdd_false_alarm_pct,pmu_set=1 4 6;rating=+0.10;scada_set=1 2 3 4 5 6 7 9 10 11;scenario=0;se_mode=scan;window=56369;write_mode=scan,7.5,,,
wu.multirate-ieee14-20261002t093927z-f585be-eedbb1,wu.multirate,ieee14,search,,,bdd_false_alarm_pct,pmu_set=1 4 6;rating=+0.10;scada_set=1 2 3 4 5;scenario=1;se_mode=every;window=0;write_mode=full,4.25,,,
wu.multirate-ieee14-20261002t093927z-f585be-eedbb1,wu.multirate,ieee14,search,,,bdd_false_alarm_pct,pmu_set=1 4 6;rating=+0.10;scada_set=1 2 3 4 5;scenario=1;se_mode=every;window=56369;write_mode=full,4.75,,,
wu.multirate-ieee14-20261002t093927z-f585be-eedbb1,wu.multirate,ieee14,search,,,bdd_false_alarm_pct,pmu_set=1 4 6;rating=+0.10;scada_set=1 2 3 4 5;scenario=1;se_mode=scan;window=0;write_mode=full,5.0,,,
wu.multirate-ieee14-20261002t093927z-f585be-eedbb1,wu.multirate,ieee14,search,,,bdd_false_alarm_pct,pmu_set=1 4 6;rating=+0.10;scada_set=1 2 3 4 5;scenario=1;se_mode=scan;window=56369;write_mode=full,5.0,,,
wu.multirate-ieee14-20261002t093927z-f585be-eedbb1,wu.multirate,ieee14,search,,,bdd_false_alarm_pct,pmu_set=1 4 6;rating=+0.10;scada_set=1 2 4 5;scenario=1;se_mode=every;window=0;write_mode=scan,4.0,,,
wu.multirate-ieee14-20261002t093927z-f585be-eedbb1,wu.multirate,ieee14,search,,,bdd_false_alarm_pct,pmu_set=1 4 6;rating=+0.10;scada_set=1 2 4 5;scenario=1;se_mode=every;window=56369;write_mode=scan,4.25,,,
wu.multirate-ieee14-20261002t093927z-f585be-eedbb1,wu.multirate,ieee14,search,,,bdd_false_alarm_pct,pmu_set=1 4 6;rating=+0.10;scada_set=1 2 4 5;scenario=1;se_mode=scan;window=0;write_mode=scan,7.5,,,
wu.multirate-ieee14-20261002t093927z-f585be-eedbb1,wu.multirate,ieee14,search,,,bdd_false_alarm_pct,pmu_set=1 4 6;rating=+0.10;scada_set=1 2 4 5;scenario=1;se_mode=scan;window=56369;write_mode=scan,7.5,,,
wu.multirate-ieee14-20261002t093927z-f585be-eedbb1,wu.multirate,ieee14,search,,,channels,pmu_set=1 4 6;rating=+0.10;scada_set=1 2 3 4 5 6 7 9 10 11 14;scenario=0;se_mode=every;window=56369;write_mode=full,57.0,,,
wu.multirate-ieee14-20261002t093927z-f585be-eedbb1,wu.multirate,ieee14,search,,,channels,pmu_set=1 4 6;rating=+0.10;scada_set=1 2 3 4 5 6 7 9 10 11 14;scenario=0;se_mode=scan;window=56369;write_mode=full,57.0,,,
wu.multirate-ieee14-20261002t093927z-f585be-eedbb1,wu.multirate,ieee14,search,,,channels,pmu_set=1 4 6;rating=+0.10;scada_set=1 2 3 4 5 6 7 9 10 11;scenario=0;se_mode=every;window=56369;write_mode=scan,50.0,,,
wu.multirate-ieee14-20261002t093927z-f585be-eedbb1,wu.multirate,ieee14,search,,,channels,pmu_set=1 4 6;rating=+0.10;scada_set=1 2 3 4 5 6 7 9 10 11;scenario=0;se_mode=scan;window=56369;write_mode=scan,50.0,,,
wu.multirate-ieee14-20261002t093927z-f585be-eedbb1,wu.multirate,ieee14,search,,,channels,pmu_set=1 4 6;rating=+0.10;scada_set=1 2 3 4 5;scenario=1;se_mode=every;window=0;write_mode=full,23.0,,,
wu.multirate-ieee14-20261002t093927z-f585be-eedbb1,wu.multirate,ieee14,search,,,channels,pmu_set=1 4 6;rating=+0.10;scada_set=1 2 3 4 5;scenario=1;se_mode=every;window=56369;write_mode=full,25.0,,,
wu.multirate-ieee14-20261002t093927z-f585be-eedbb1,wu.multirate,ieee14,search,,,channels,pmu_set=1 4 6;rating=+0.10;scada_set=1 2 3 4 5;scenario=1;se_mode=scan;window=0;write_mode=full,23.0,,,
wu.multirate-ieee14-20261002t093927z-f585be-eedbb1,wu.multirate,ieee14,search,,,channels,pmu_set=1 4 6;rating=+0.10;scada_set=1 2 3 4 5;scenario=1;se_mode=scan;window=56369;write_mode=full,25.0,,,
wu.multirate-ieee14-20261002t093927z-f585be-eedbb1,wu.multirate,ieee14,search,,,channels,pmu_set=1 4 6;rating=+0.10;scada_set=1 2 4 5;scenario=1;se_mode=every;window=0;write_mode=scan,21.0,,,
wu.multirate-ieee14-20261002t093927z-f585be-eedbb1,wu.multirate,ieee14,search,,,channels,pmu_set=1 4 6;rating=+0.10;scada_set=1 2 4 5;scenario=1;se_mode=every;window=56369;write_mode=scan,19.0,,,
wu.multirate-ieee14-20261002t093927z-f585be-eedbb1,wu.multirate,ieee14,search,,,channels,pmu_set=1 4 6;rating=+0.10;scada_set=1 2 4 5;scenario=1;se_mode=scan;window=0;write_mode=scan,21.0,,,
wu.multirate-ieee14-20261002t093927z-f585be-eedbb1,wu.multirate,ieee14,search,,,channels,pmu_set=1 4 6;rating=+0.10;scada_set=1 2 4 5;scenario=1;se_mode=scan;window=56369;write_mode=scan,19.0,,,
wu.multirate-ieee14-20261002t093927z-f585be-eedbb1,wu.multirate,ieee14,search,,,devices,pmu_set=1 4 6;rating=+0.10;scada_set=1 2 3 4 5 6 7 9 10 11 14;scenario=0;se_mode=every;window=56369;write_mode=full,14.0,,,
wu.multirate-ieee14-20261002t093927z-f585be-eedbb1,wu.multirate,ieee14,search,,,devices,pmu_set=1 4 6;rating=+0.10;scada_set=1 2 3 4 5 6 7 9 10 11 14;scenario=0;se_mode=scan;window=56369;write_mode=full,14.0,,,
wu.multirate-ieee14-20261002t093927z-f585be-eedbb1,wu.multirate,ieee14,search,,,devices,pmu_set=1 4 6;rating=+0.10;scada_set=1 2 3 4 5 6 7 9 10 11;scenario=0;se_mode=every;window=56369;write_mode=scan,13.0,,,
wu.multirate-ieee14-20261002t093927z-f585be-eedbb1,wu.multirate,ieee14,search,,,devices,pmu_set=1 4 6;rating=+0.10;scada_set=1 2 3 4 5 6 7 9 10 11;scenario=0;se_mode=scan;window=56369;write_mode=scan,13.0,,,
wu.multirate-ieee14-20261002t093927z-f585be-eedbb1,wu.multirate,ieee14,search,,,devices,pmu_set=1 4 6;rating=+0.10;scada_set=1 2 3 4 5;scenario=1;se_mode=every;window=0;write_mode=full,8.0,,,
wu.multirate-ieee14-20261002t093927z-f585be-eedbb1,wu.multirate,ieee14,search,,,devices,pmu_set=1 4 6;rating=+0.10;scada_set=1 2 3 4 5;scenario=1;se_mode=every;window=56369;write_mode=full,8.0,,,
wu.multirate-ieee14-20261002t093927z-f585be-eedbb1,wu.multirate,ieee14,search,,,devices,pmu_set=1 4 6;rating=+0.10;scada_set=1 2 3 4 5;scenario=1;se_mode=scan;window=0;write_mode=full,8.0,,,
wu.multirate-ieee14-20261002t093927z-f585be-eedbb1,wu.multirate,ieee14,search,,,devices,pmu_set=1 4 6;rating=+0.10;scada_set=1 2 3 4 5;scenario=1;se_mode=scan;window=56369;write_mode=full,8.0,,,
wu.multirate-ieee14-20261002t093927z-f585be-eedbb1,wu.multirate,ieee14,search,,,devices,pmu_set=1 4 6;rating=+0.10;scada_set=1 2 4 5;scenario=1;se_mode=every;window=0;write_mode=scan,7.0,,,
wu.multirate-ieee14-20261002t093927z-f585be-eedbb1,wu.multirate,ieee14,search,,,devices,pmu_set=1 4 6;rating=+0.10;scada_set=1 2 4 5;scenario=1;se_mode=every;window=56369;write_mode=scan,7.0,,,
wu.multirate-ieee14-20261002t093927z-f585be-eedbb1,wu.multirate,ieee14,search,,,devices,pmu_set=1 4 6;rating=+0.10;scada_set=1 2 4 5;scenario=1;se_mode=scan;window=0;write_mode=scan,7.0,,,
wu.multirate-ieee14-20261002t093927z-f585be-eedbb1,wu.multirate,ieee14,search,,,devices,pmu_set=1 4 6;rating=+0.10;scada_set=1 2 4 5;scenario=1;se_mode=scan;window=56369;write_mode=scan,7.0,,,
wu.multirate-ieee14-20261002t093927z-f585be-eedbb1,wu.multirate,ieee14,search,,,jaccard_pmu,pmu_set=1 4 6;rating=+0.10;scada_set=1 2 3 4 5 6 7 9 10 11 14;scenario=0;se_mode=every;window=56369;write_mode=full,0.667,,,
wu.multirate-ieee14-20261002t093927z-f585be-eedbb1,wu.multirate,ieee14,search,,,jaccard_pmu,pmu_set=1 4 6;rating=+0.10;scada_set=1 2 3 4 5 6 7 9 10 11 14;scenario=0;se_mode=scan;window=56369;write_mode=full,0.667,,,
wu.multirate-ieee14-20261002t093927z-f585be-eedbb1,wu.multirate,ieee14,search,,,jaccard_pmu,pmu_set=1 4 6;rating=+0.10;scada_set=1 2 3 4 5 6 7 9 10 11;scenario=0;se_mode=every;window=56369;write_mode=scan,0.667,,,
wu.multirate-ieee14-20261002t093927z-f585be-eedbb1,wu.multirate,ieee14,search,,,jaccard_pmu,pmu_set=1 4 6;rating=+0.10;scada_set=1 2 3 4 5 6 7 9 10 11;scenario=0;se_mode=scan;window=56369;write_mode=scan,0.667,,,
wu.multirate-ieee14-20261002t093927z-f585be-eedbb1,wu.multirate,ieee14,search,,,jaccard_pmu,pmu_set=1 4 6;rating=+0.10;scada_set=1 2 3 4 5;scenario=1;se_mode=every;window=0;write_mode=full,1.0,,,
wu.multirate-ieee14-20261002t093927z-f585be-eedbb1,wu.multirate,ieee14,search,,,jaccard_pmu,pmu_set=1 4 6;rating=+0.10;scada_set=1 2 3 4 5;scenario=1;se_mode=every;window=56369;write_mode=full,1.0,,,
wu.multirate-ieee14-20261002t093927z-f585be-eedbb1,wu.multirate,ieee14,search,,,jaccard_pmu,pmu_set=1 4 6;rating=+0.10;scada_set=1 2 3 4 5;scenario=1;se_mode=scan;window=0;write_mode=full,1.0,,,
wu.multirate-ieee14-20261002t093927z-f585be-eedbb1,wu.multirate,ieee14,search,,,jaccard_pmu,pmu_set=1 4 6;rating=+0.10;scada_set=1 2 3 4 5;scenario=1;se_mode=scan;window=56369;write_mode=full,1.0,,,
wu.multirate-ieee14-20261002t093927z-f585be-eedbb1,wu.multirate,ieee14,search,,,jaccard_pmu,pmu_set=1 4 6;rating=+0.10;scada_set=1 2 4 5;scenario=1;se_mode=every;window=0;write_mode=scan,1.0,,,
wu.multirate-ieee14-20261002t093927z-f585be-eedbb1,wu.multirate,ieee14,search,,,jaccard_pmu,pmu_set=1 4 6;rating=+0.10;scada_set=1 2 4 5;scenario=1;se_mode=every;window=56369;write_mode=scan,1.0,,,
wu.multirate-ieee14-20261002t093927z-f585be-eedbb1,wu.multirate,ieee14,search,,,jaccard_pmu,pmu_set=1 4 6;rating=+0.10;scada_set=1 2 4 5;scenario=1;se_mode=scan;window=0;write_mode=scan,1.0,,,
wu.multirate-ieee14-20261002t093927z-f585be-eedbb1,wu.multirate,ieee14,search,,,jaccard_pmu,pmu_set=1 4 6;rating=+0.10;scada_set=1 2 4 5;scenario=1;se_mode=scan;window=56369;write_mode=scan,1.0,,,
wu.multirate-ieee14-20261002t093927z-f585be-eedbb1,wu.multirate,ieee14,search,,,jaccard_scada,pmu_set=1 4 6;rating=+0.10;scada_set=1 2 3 4 5 6 7 9 10 11 14;scenario=0;se_mode=every;window=56369;write_mode=full,0.455,,,
wu.multirate-ieee14-20261002t093927z-f585be-eedbb1,wu.multirate,ieee14,search,,,jaccard_scada,pmu_set=1 4 6;rating=+0.10;scada_set=1 2 3 4 5 6 7 9 10 11 14;scenario=0;se_mode=scan;window=56369;write_mode=full,0.455,,,
wu.multirate-ieee14-20261002t093927z-f585be-eedbb1,wu.multirate,ieee14,search,,,jaccard_scada,pmu_set=1 4 6;rating=+0.10;scada_set=1 2 3 4 5 6 7 9 10 11;scenario=0;se_mode=every;window=56369;write_mode=scan,0.5,,,
wu.multirate-ieee14-20261002t093927z-f585be-eedbb1,wu.multirate,ieee14,search,,,jaccard_scada,pmu_set=1 4 6;rating=+0.10;scada_set=1 2 3 4 5 6 7 9 10 11;scenario=0;se_mode=scan;window=56369;write_mode=scan,0.5,,,
wu.multirate-ieee14-20261002t093927z-f585be-eedbb1,wu.multirate,ieee14,search,,,jaccard_scada,pmu_set=1 4 6;rating=+0.10;scada_set=1 2 3 4 5;scenario=1;se_mode=every;window=0;write_mode=full,0.833,,,
wu.multirate-ieee14-20261002t093927z-f585be-eedbb1,wu.multirate,ieee14,search,,,jaccard_scada,pmu_set=1 4 6;rating=+0.10;scada_set=1 2 3 4 5;scenario=1;se_mode=every;window=56369;write_mode=full,0.833,,,
wu.multirate-ieee14-20261002t093927z-f585be-eedbb1,wu.multirate,ieee14,search,,,jaccard_scada,pmu_set=1 4 6;rating=+0.10;scada_set=1 2 3 4 5;scenario=1;se_mode=scan;window=0;write_mode=full,0.833,,,
wu.multirate-ieee14-20261002t093927z-f585be-eedbb1,wu.multirate,ieee14,search,,,jaccard_scada,pmu_set=1 4 6;rating=+0.10;scada_set=1 2 3 4 5;scenario=1;se_mode=scan;window=56369;write_mode=full,0.833,,,
wu.multirate-ieee14-20261002t093927z-f585be-eedbb1,wu.multirate,ieee14,search,,,jaccard_scada,pmu_set=1 4 6;rating=+0.10;scada_set=1 2 4 5;scenario=1;se_mode=every;window=0;write_mode=scan,0.667,,,
wu.multirate-ieee14-20261002t093927z-f585be-eedbb1,wu.multirate,ieee14,search,,,jaccard_scada,pmu_set=1 4 6;rating=+0.10;scada_set=1 2 4 5;scenario=1;se_mode=every;window=56369;write_mode=scan,0.667,,,
wu.multirate-ieee14-20261002t093927z-f585be-eedbb1,wu.multirate,ieee14,search,,,jaccard_scada,pmu_set=1 4 6;rating=+0.10;scada_set=1 2 4 5;scenario=1;se_mode=scan;window=0;write_mode=scan,0.667,,,
wu.multirate-ieee14-20261002t093927z-f585be-eedbb1,wu.multirate,ieee14,search,,,jaccard_scada,pmu_set=1 4 6;rating=+0.10;scada_set=1 2 4 5;scenario=1;se_mode=scan;window=56369;write_mode=scan,0.667,,,
wu.multirate-ieee14-20261002t093927z-f585be-eedbb1,wu.multirate,ieee14,search,,,max_change_pu,pmu_set=1 4 6;rating=+0.10;scada_set=1 2 3 4 5 6 7 9 10 11 14;scenario=0;se_mode=every;window=56369;write_mode=full,1.0009,,,
wu.multirate-ieee14-20261002t093927z-f585be-eedbb1,wu.multirate,ieee14,search,,,max_change_pu,pmu_set=1 4 6;rating=+0.10;scada_set=1 2 3 4 5 6 7 9 10 11 14;scenario=0;se_mode=scan;window=56369;write_mode=full,1.0009,,,
wu.multirate-ieee14-20261002t093927z-f585be-eedbb1,wu.multirate,ieee14,search,,,max_change_pu,pmu_set=1 4 6;rating=+0.10;scada_set=1 2 3 4 5 6 7 9 10 11;scenario=0;se_mode=every;window=56369;write_mode=scan,0.4557,,,
wu.multirate-ieee14-20261002t093927z-f585be-eedbb1,wu.multirate,ieee14,search,,,max_change_pu,pmu_set=1 4 6;rating=+0.10;scada_set=1 2 3 4 5 6 7 9 10 11;scenario=0;se_mode=scan;window=56369;write_mode=scan,0.4557,,,
wu.multirate-ieee14-20261002t093927z-f585be-eedbb1,wu.multirate,ieee14,search,,,max_change_pu,pmu_set=1 4 6;rating=+0.10;scada_set=1 2 3 4 5;scenario=1;se_mode=every;window=0;write_mode=full,0.2199,,,
wu.multirate-ieee14-20261002t093927z-f585be-eedbb1,wu.multirate,ieee14,search,,,max_change_pu,pmu_set=1 4 6;rating=+0.10;scada_set=1 2 3 4 5;scenario=1;se_mode=every;window=56369;write_mode=full,0.3257,,,
wu.multirate-ieee14-20261002t093927z-f585be-eedbb1,wu.multirate,ieee14,search,,,max_change_pu,pmu_set=1 4 6;rating=+0.10;scada_set=1 2 3 4 5;scenario=1;se_mode=scan;window=0;write_mode=full,0.2199,,,
wu.multirate-ieee14-20261002t093927z-f585be-eedbb1,wu.multirate,ieee14,search,,,max_change_pu,pmu_set=1 4 6;rating=+0.10;scada_set=1 2 3 4 5;scenario=1;se_mode=scan;window=56369;write_mode=full,0.3257,,,
wu.multirate-ieee14-20261002t093927z-f585be-eedbb1,wu.multirate,ieee14,search,,,max_change_pu,pmu_set=1 4 6;rating=+0.10;scada_set=1 2 4 5;scenario=1;se_mode=every;window=0;write_mode=scan,0.1421,,,
wu.multirate-ieee14-20261002t093927z-f585be-eedbb1,wu.multirate,ieee14,search,,,max_change_pu,pmu_set=1 4 6;rating=+0.10;scada_set=1 2 4 5;scenario=1;se_mode=every;window=56369;write_mode=scan,0.2118,,,
wu.multirate-ieee14-20261002t093927z-f585be-eedbb1,wu.multirate,ieee14,search,,,max_change_pu,pmu_set=1 4 6;rating=+0.10;scada_set=1 2 4 5;scenario=1;se_mode=scan;window=0;write_mode=scan,0.1421,,,
wu.multirate-ieee14-20261002t093927z-f585be-eedbb1,wu.multirate,ieee14,search,,,max_change_pu,pmu_set=1 4 6;rating=+0.10;scada_set=1 2 4 5;scenario=1;se_mode=scan;window=56369;write_mode=scan,0.2118,,,
wu.multirate-ieee14-20261002t093927z-f585be-eedbb1,wu.multirate,ieee14,search,,,pmu_devices,pmu_set=1 4 6;rating=+0.10;scada_set=1 2 3 4 5 6 7 9 10 11 14;scenario=0;se_mode=every;window=56369;write_mode=full,3.0,,,
wu.multirate-ieee14-20261002t093927z-f585be-eedbb1,wu.multirate,ieee14,search,,,pmu_devices,pmu_set=1 4 6;rating=+0.10;scada_set=1 2 3 4 5 6 7 9 10 11 14;scenario=0;se_mode=scan;window=56369;write_mode=full,3.0,,,
wu.multirate-ieee14-20261002t093927z-f585be-eedbb1,wu.multirate,ieee14,search,,,pmu_devices,pmu_set=1 4 6;rating=+0.10;scada_set=1 2 3 4 5 6 7 9 10 11;scenario=0;se_mode=every;window=56369;write_mode=scan,3.0,,,
wu.multirate-ieee14-20261002t093927z-f585be-eedbb1,wu.multirate,ieee14,search,,,pmu_devices,pmu_set=1 4 6;rating=+0.10;scada_set=1 2 3 4 5 6 7 9 10 11;scenario=0;se_mode=scan;window=56369;write_mode=scan,3.0,,,
wu.multirate-ieee14-20261002t093927z-f585be-eedbb1,wu.multirate,ieee14,search,,,pmu_devices,pmu_set=1 4 6;rating=+0.10;scada_set=1 2 3 4 5;scenario=1;se_mode=every;window=0;write_mode=full,3.0,,,
wu.multirate-ieee14-20261002t093927z-f585be-eedbb1,wu.multirate,ieee14,search,,,pmu_devices,pmu_set=1 4 6;rating=+0.10;scada_set=1 2 3 4 5;scenario=1;se_mode=every;window=56369;write_mode=full,3.0,,,
wu.multirate-ieee14-20261002t093927z-f585be-eedbb1,wu.multirate,ieee14,search,,,pmu_devices,pmu_set=1 4 6;rating=+0.10;scada_set=1 2 3 4 5;scenario=1;se_mode=scan;window=0;write_mode=full,3.0,,,
wu.multirate-ieee14-20261002t093927z-f585be-eedbb1,wu.multirate,ieee14,search,,,pmu_devices,pmu_set=1 4 6;rating=+0.10;scada_set=1 2 3 4 5;scenario=1;se_mode=scan;window=56369;write_mode=full,3.0,,,
wu.multirate-ieee14-20261002t093927z-f585be-eedbb1,wu.multirate,ieee14,search,,,pmu_devices,pmu_set=1 4 6;rating=+0.10;scada_set=1 2 4 5;scenario=1;se_mode=every;window=0;write_mode=scan,3.0,,,
wu.multirate-ieee14-20261002t093927z-f585be-eedbb1,wu.multirate,ieee14,search,,,pmu_devices,pmu_set=1 4 6;rating=+0.10;scada_set=1 2 4 5;scenario=1;se_mode=every;window=56369;write_mode=scan,3.0,,,
wu.multirate-ieee14-20261002t093927z-f585be-eedbb1,wu.multirate,ieee14,search,,,pmu_devices,pmu_set=1 4 6;rating=+0.10;scada_set=1 2 4 5;scenario=1;se_mode=scan;window=0;write_mode=scan,3.0,,,
wu.multirate-ieee14-20261002t093927z-f585be-eedbb1,wu.multirate,ieee14,search,,,pmu_devices,pmu_set=1 4 6;rating=+0.10;scada_set=1 2 4 5;scenario=1;se_mode=scan;window=56369;write_mode=scan,3.0,,,
wu.multirate-ieee14-20261002t093927z-f585be-eedbb1,wu.multirate,ieee14,search,,,seconds,pmu_set=1 4 6;rating=+0.10;scada_set=1 2 3 4 5 6 7 9 10 11 14;scenario=0;se_mode=every;window=56369;write_mode=full,4.7,,,
wu.multirate-ieee14-20261002t093927z-f585be-eedbb1,wu.multirate,ieee14,search,,,seconds,pmu_set=1 4 6;rating=+0.10;scada_set=1 2 3 4 5 6 7 9 10 11 14;scenario=0;se_mode=scan;window=56369;write_mode=full,4.7,,,
wu.multirate-ieee14-20261002t093927z-f585be-eedbb1,wu.multirate,ieee14,search,,,seconds,pmu_set=1 4 6;rating=+0.10;scada_set=1 2 3 4 5 6 7 9 10 11;scenario=0;se_mode=every;window=56369;write_mode=scan,4.7,,,
wu.multirate-ieee14-20261002t093927z-f585be-eedbb1,wu.multirate,ieee14,search,,,seconds,pmu_set=1 4 6;rating=+0.10;scada_set=1 2 3 4 5 6 7 9 10 11;scenario=0;se_mode=scan;window=56369;write_mode=scan,4.7,,,
wu.multirate-ieee14-20261002t093927z-f585be-eedbb1,wu.multirate,ieee14,search,,,seconds,pmu_set=1 4 6;rating=+0.10;scada_set=1 2 3 4 5;scenario=1;se_mode=every;window=0;write_mode=full,12.8,,,
wu.multirate-ieee14-20261002t093927z-f585be-eedbb1,wu.multirate,ieee14,search,,,seconds,pmu_set=1 4 6;rating=+0.10;scada_set=1 2 3 4 5;scenario=1;se_mode=every;window=56369;write_mode=full,14.6,,,
wu.multirate-ieee14-20261002t093927z-f585be-eedbb1,wu.multirate,ieee14,search,,,seconds,pmu_set=1 4 6;rating=+0.10;scada_set=1 2 3 4 5;scenario=1;se_mode=scan;window=0;write_mode=full,12.8,,,
wu.multirate-ieee14-20261002t093927z-f585be-eedbb1,wu.multirate,ieee14,search,,,seconds,pmu_set=1 4 6;rating=+0.10;scada_set=1 2 3 4 5;scenario=1;se_mode=scan;window=56369;write_mode=full,14.6,,,
wu.multirate-ieee14-20261002t093927z-f585be-eedbb1,wu.multirate,ieee14,search,,,seconds,pmu_set=1 4 6;rating=+0.10;scada_set=1 2 4 5;scenario=1;se_mode=every;window=0;write_mode=scan,12.8,,,
wu.multirate-ieee14-20261002t093927z-f585be-eedbb1,wu.multirate,ieee14,search,,,seconds,pmu_set=1 4 6;rating=+0.10;scada_set=1 2 4 5;scenario=1;se_mode=every;window=56369;write_mode=scan,14.6,,,
wu.multirate-ieee14-20261002t093927z-f585be-eedbb1,wu.multirate,ieee14,search,,,seconds,pmu_set=1 4 6;rating=+0.10;scada_set=1 2 4 5;scenario=1;se_mode=scan;window=0;write_mode=scan,12.8,,,
wu.multirate-ieee14-20261002t093927z-f585be-eedbb1,wu.multirate,ieee14,search,,,seconds,pmu_set=1 4 6;rating=+0.10;scada_set=1 2 4 5;scenario=1;se_mode=scan;window=56369;write_mode=scan,14.6,,,
